b_wordcnt.no,b_wordcnt.content,b_wordcnt.mor,b_wordcnt.cnt
1,박,Noun,430
2,스페인,Noun,361
3,날씨,Noun,360
4,요,Noun,328
5,일,Noun,320
6,마드리드,Noun,288
7,가요,Noun,286
8,공항,Noun,277
9,추천,Noun,250
10,질문,Noun,248
11,투어,Noun,227
12,근교,Noun,222
13,월,Noun,218
14,밀리,Noun,211
15,라다,Noun,211
16,사,Modifier,211
17,문의,Noun,209
18,로마,Noun,201
19,세비야,Noun,191
20,카탈루냐,Noun,179
21,어디,Noun,156
22,밤,Noun,156
23,말라가,Noun,155
24,곳,Noun,153
25,게,Noun,152
26,공항버스,Noun,140
27,광장,Noun,139
28,그라나다,Noun,137
29,구매,Noun,132
30,발렌시아,Noun,124
31,택스,Noun,122
32,린펀,Noun,122
33,일정,Noun,121
34,여름,Noun,121
35,도착,Noun,118
36,시,Noun,115
37,파,Noun,112
38,수,Noun,112
39,좀,Noun,111
40,그,Modifier,110
41,분,Noun,110
42,지금,Noun,107
43,시간,Noun,104
44,안,Noun,98
45,티켓,Noun,96
46,여행,Noun,93
47,중,Noun,92
48,입장,Noun,89
49,뭐,Noun,87
50,경기,Noun,87
51,시내,Noun,86
52,혼자,Noun,86
53,야경,Noun,83
54,포르투,Noun,82
55,이동,Noun,81
56,숙소,Noun,80
57,시체스,Noun,80
58,예매,Noun,78
59,아시,Noun,78
60,맛집,Noun,75
61,및,Noun,74
62,바,Noun,74
63,더,Noun,74
64,고딕,Noun,73
65,지구,Noun,73
66,가도,Noun,73
67,현지,Noun,73
68,상점,Noun,72
69,월초,Noun,72
70,거리,Noun,72
71,호텔,Noun,72
72,대성당,Noun,71
73,정도,Noun,70
74,관광,Noun,70
75,관광지,Noun,69
76,쇼핑,Noun,68
77,둘,Noun,68
78,입장권,Noun,68
79,프라하,Noun,67
80,일주일,Noun,67
81,당일치기,Noun,67
82,현장,Noun,66
83,소매치기,Noun,66
84,여행지,Noun,66
85,걸,Noun,65
86,여부,Noun,65
87,등,Noun,64
88,피렌체,Noun,64
89,동안,Noun,64
90,재즈,Noun,64
91,옷차림,Noun,64
92,네,Noun,63
93,핫,Noun,63
94,차,Noun,63
95,터미널,Noun,63
96,네타,Noun,63
97,옷,Noun,63
98,메뉴,Noun,63
99,포함,Noun,62
100,한인,Noun,62
101,주문,Noun,62
102,델,Noun,62
103,디아,Noun,62
104,계세,Noun,62
105,이틀,Noun,62
106,파리,Noun,61
107,도구,Noun,61
108,렌트,Noun,61
109,어떤,Modifier,61
110,레이스,Noun,61
111,택,Noun,61
112,첫,Modifier,61
113,대한항공,Noun,61
114,베니스,Noun,61
115,힐리,Noun,60
116,태닝,Noun,60
117,패키지,Noun,60
118,비치,Noun,60
119,원피스,Noun,60
120,콘택트렌즈,Noun,60
121,폰,Noun,60
122,프리,Noun,60
123,케이블카,Noun,60
124,아,Noun,60
125,제빵,Noun,60
126,인천,Noun,60
127,막차,Noun,60
128,볼거리,Noun,60
129,거주,Noun,60
130,가우디,Noun,54
131,몬세라트,Noun,46
132,하나요,Noun,46
133,예약,Noun,45
134,벙커,Noun,43
135,관련,Noun,38
136,몬주익,Noun,38
137,입국,Noun,38
138,검사,Noun,36
139,오늘,Noun,36
140,택시,Noun,35
141,시위,Noun,34
142,성당,Noun,32
143,분수,Noun,32
144,구,Noun,32
145,도시,Noun,31
146,교통,Noun,30
147,거,Noun,30
148,리스본,Noun,30
149,새벽,Noun,29
150,버스,Noun,29
151,캄프,Noun,28
152,누,Noun,27
153,어디가,Noun,27
154,일요일,Noun,27
155,런던,Noun,26
156,공원,Noun,26
157,저녁,Noun,26
158,때,Noun,25
159,축구,Noun,23
160,식당,Noun,23
161,상황,Noun,23
162,치안,Noun,23
163,현재,Noun,23
164,쇼,Noun,23
165,몇,Noun,21
166,것,Noun,21
167,날,Noun,20
168,꼭,Noun,18
169,여자,Noun,18
170,지로나,Noun,17
171,혹시,Noun,16
172,뭘,Noun,16
173,이용,Noun,16
174,미술관,Noun,16
175,비행기,Noun,16
176,예정,Noun,16
177,보관,Noun,16
178,후,Noun,16
179,크리스마스,Noun,16
180,오후,Noun,15
181,조언,Noun,15
182,카드,Noun,15
183,내일,Noun,15
184,주,Noun,15
185,살,Noun,15
186,마요르카,Noun,15
187,무료,Noun,15
188,프랑스,Noun,14
189,말,Noun,14
190,시,Modifier,14
191,비,Noun,14
192,지하철,Noun,14
193,짐,Noun,14
194,주말,Noun,13
195,관람,Noun,13
196,문,Noun,13
197,마지막,Noun,13
198,밀,Noun,13
199,방법,Noun,13
200,피카소,Noun,13
201,쯤,Noun,13
202,근처,Noun,13
203,해변,Noun,13
204,포르투갈,Noun,12
205,클럽,Noun,12
206,코로나,Noun,12
207,사바트,Noun,12
208,이,Noun,12
209,보신,Noun,12
210,캐리어,Noun,12
211,축제,Noun,12
212,장소,Noun,12
213,로카,Noun,11
214,중순,Noun,11
215,위치,Noun,11
216,하루,Noun,11
217,가야,Noun,11
218,직관,Noun,11
219,환승,Noun,11
220,새해,Noun,10
221,만,Noun,10
222,정보,Noun,10
223,가면,Noun,10
224,요즘,Noun,10
225,티젠,Noun,10
226,볼,Noun,9
227,니스,Noun,9
228,년,Noun,9
229,오전,Noun,9
230,수영,Noun,9
231,알,Noun,9
232,탈,Noun,9
233,가족,Noun,9
234,아침,Noun,9
235,토,Noun,9
236,공연,Noun,9
237,패스,Noun,9
238,편,Noun,9
239,월말,Noun,9
240,계획,Noun,9
241,지역,Noun,9
242,해,Noun,9
243,다음,Noun,8
244,서류,Noun,8
245,이후,Noun,8
246,반나절,Noun,8
247,초,Noun,8
248,데,Noun,8
249,무슨,Noun,8
250,토요일,Noun,8
251,스위스,Noun,8
252,도움,Noun,8
253,못,Noun,8
254,행사,Noun,8
255,보,Noun,8
256,반일,Noun,8
257,매직,Noun,7
258,자유여행,Noun,7
259,휴무,Noun,7
260,플라멩코,Noun,7
261,가이드,Noun,7
262,분위기,Noun,7
263,사용,Noun,7
264,산이,Noun,7
265,유니폼,Noun,7
266,음악당,Noun,7
267,매장,Noun,7
268,나이트,Noun,7
269,언제,Noun,7
270,남부,Noun,7
271,내부,Noun,7
272,기간,Noun,7
273,역,Noun,7
274,대중교통,Noun,7
275,펍,Noun,7
276,취소,Noun,7
277,고민,Noun,7
278,가게,Noun,6
279,경유,Noun,6
280,공휴일,Noun,6
281,구경,Noun,6
282,자전거,Noun,6
283,전,Noun,6
284,제일,Noun,6
285,집,Noun,6
286,최근,Noun,6
287,카사바,Noun,6
288,백신,Noun,6
289,번,Noun,6
290,부탁,Noun,6
291,선택,Noun,6
292,신속,Noun,6
293,달,Noun,6
294,당일,Noun,6
295,람블,Noun,6
296,루프,Noun,6
297,타,Modifier,6
298,탑,Noun,6
299,티브이,Noun,6
300,필수,Noun,6
301,항원,Noun,6
302,야간,Noun,6
303,엘프,Noun,6
304,오픈,Noun,6
305,월요일,Noun,6
306,이탈리아,Noun,5
307,여,Noun,5
308,시장,Noun,5
309,코스,Noun,5
310,생각,Noun,5
311,입장료,Noun,5
312,박물관,Noun,5
313,사람,Noun,5
314,건가,Noun,5
315,하나,Noun,5
316,법,Noun,5
317,항공,Noun,5
318,성,Modifier,5
319,사진,Noun,5
320,출발,Noun,5
321,원래,Noun,5
322,동방박사,Noun,5
323,며칠,Noun,5
324,타고,Noun,5
325,왜,Noun,5
326,표,Noun,5
327,마스크,Noun,5
328,비엘,Noun,5
329,링,Noun,5
330,다른,Noun,5
331,바로,Noun,5
332,리아,Noun,5
333,정말,Noun,5
334,아이,Noun,5
335,아웃,Noun,5
336,간다,Noun,5
337,걱정,Noun,5
338,유로,Noun,5
339,한국,Noun,5
340,첫,Noun,5
341,맛,Noun,5
342,유럽,Noun,5
343,명소,Noun,5
344,오류,Noun,4
345,토스,Noun,4
346,토사,Noun,4
347,확인,Noun,4
348,방문,Noun,4
349,운영,Noun,4
350,테스트,Noun,4
351,테네리페,Noun,4
352,제외,Noun,4
353,보고,Noun,4
354,물가,Noun,4
355,쪽,Noun,4
356,겨울,Noun,4
357,뭔가,Noun,4
358,보나,Noun,4
359,여러분,Noun,4
360,세,Noun,4
361,요금,Noun,4
362,캐,Noun,4
363,카페,Noun,4
364,가기,Noun,4
365,구장,Noun,4
366,세비,Noun,4
367,할인,Noun,4
368,마르,Noun,4
369,리다,Noun,4
370,여권,Noun,4
371,경기장,Noun,4
372,살기,Noun,4
373,주얼,Noun,4
374,산,Noun,4
375,이번,Noun,4
376,자제,Noun,4
377,면세점,Noun,4
378,이면,Noun,4
379,준비,Noun,4
380,운행,Noun,4
381,답변,Noun,4
382,경험,Noun,4
383,날짜,Noun,4
384,카운트다운,Noun,4
385,실내,Noun,4
386,회,Noun,4
387,신청,Noun,4
388,바셀,Noun,4
389,트래블,Noun,4
390,지나,Noun,4
391,스타벅스,Noun,4
392,트,Noun,4
393,수단,Noun,4
394,영국,Noun,3
395,성가족성당,Noun,3
396,연말,Noun,3
397,유심,Noun,3
398,상,Noun,3
399,베이직,Noun,3
400,벨기에,Noun,3
401,변경,Noun,3
402,사전,Noun,3
403,사바,Noun,3
404,병원,Noun,3
405,보기,Noun,3
406,빠에야,Noun,3
407,보케,Noun,3
408,보조,Noun,3
409,가격,Noun,3
410,에어로,Noun,3
411,얼마나,Noun,3
412,인터라켄,Noun,3
413,어린이,Noun,3
414,제,Noun,3
415,가신,Noun,3
416,환불,Noun,3
417,가능,Noun,3
418,홈,Noun,3
419,격리,Noun,3
420,현금,Noun,3
421,자라,Noun,3
422,헬스장,Noun,3
423,해수욕,Noun,3
424,종일,Noun,3
425,항,Noun,3
426,결제,Noun,3
427,인근,Noun,3
428,인권,Noun,3
429,주변,Noun,3
430,필요,Noun,3
431,프랑크푸르트,Noun,3
432,주현절,Noun,3
433,폭죽,Noun,3
434,인,Noun,3
435,포르토,Noun,3
436,고수,Noun,3
437,증명서,Noun,3
438,패딩,Noun,3
439,지엄,Noun,3
440,일몰,Noun,3
441,공사,Noun,3
442,공유,Noun,3
443,가장,Noun,3
444,테,Noun,3
445,공홈,Noun,3
446,태풍,Noun,3
447,관,Noun,3
448,타라고나,Noun,3
449,콜론,Noun,3
450,코,Noun,3
451,칼,Noun,3
452,자리,Noun,3
453,마켓,Noun,3
454,일,Modifier,3
455,외,Noun,3
456,이비자,Noun,3
457,레스토랑,Noun,3
458,라스,Noun,3
459,라발,Noun,3
460,왕복,Noun,3
461,또,Noun,3
462,때문,Noun,3
463,자유,Noun,3
464,와이파이,Noun,3
465,두,Noun,3
466,출국,Noun,3
467,동행,Noun,3
468,돈,Noun,3
469,대해,Noun,3
470,급,Noun,3
471,대한,Noun,3
472,전날,Noun,3
473,기차,Noun,3
474,내년,Noun,3
475,낮,Noun,3
476,까탈,Noun,3
477,신혼여행,Noun,3
478,신분,Noun,3
479,시티,Noun,3
480,꿀,Noun,3
481,시간대,Noun,3
482,나,Noun,3
483,메르,Noun,3
484,수도원,Noun,3
485,가지,Noun,3
486,월렛,Noun,3
487,소리,Noun,3
488,셔틀,Noun,3
489,센터,Noun,3
490,뮤,Noun,3
491,배터리,Noun,3
492,그냥,Noun,2
493,자정,Noun,2
494,잔,Noun,2
495,일기예보,Noun,2
496,장애,Noun,2
497,저,Noun,2
498,위험,Noun,2
499,전망대,Noun,2
500,제네바,Noun,2
501,조명,Noun,2
502,주일,Noun,2
503,줄,Noun,2
504,이제,Noun,2
505,이유,Noun,2
506,진짜,Noun,2
507,유랑,Noun,2
508,챔스,Noun,2
509,첫째,Noun,2
510,체크아웃,Noun,2
511,체험,Noun,2
512,초등,Noun,2
513,추가,Noun,2
514,이벤트,Noun,2
515,충전기,Noun,2
516,칩,Noun,2
517,미사,Noun,2
518,미리,Noun,2
519,반입,Noun,2
520,미로,Noun,2
521,백,Modifier,2
522,뮌헨,Noun,2
523,보드,Noun,2
524,보통,Noun,2
525,부근,Noun,2
526,부모님,Noun,2
527,부활절,Noun,2
528,무엇,Noun,2
529,비교,Noun,2
530,비둘기,Noun,2
531,빈,Noun,2
532,모시,Noun,2
533,사라고사,Noun,2
534,모세,Noun,2
535,사항,Noun,2
536,삼각대,Noun,2
537,선배,Noun,2
538,섬,Noun,2
539,성,Noun,2
540,세,Modifier,2
541,셀,Noun,2
542,셨던,Noun,2
543,소,Noun,2
544,소요,Noun,2
545,속,Noun,2
546,메트로,Noun,2
547,메일,Noun,2
548,수정,Noun,2
549,스토어,Noun,2
550,스파,Noun,2
551,나라,Noun,2
552,끌,Noun,2
553,시반,Noun,2
554,시에스타,Noun,2
555,시티투어,Noun,2
556,식사,Noun,2
557,신년,Noun,2
558,신발,Noun,2
559,신행,Noun,2
560,씨티카드,Noun,2
561,남,Noun,2
562,내,Noun,2
563,너리,Noun,2
564,놀이동산,Noun,2
565,누에,Noun,2
566,기사,Noun,2
567,기념품,Noun,2
568,담,Noun,2
569,기,Noun,2
570,대여,Noun,2
571,던데,Noun,2
572,독일,Noun,2
573,라면,Noun,2
574,라시,Noun,2
575,라트,Noun,2
576,궁금,Noun,2
577,레페,Noun,2
578,로스,Noun,2
579,로커,Noun,2
580,루나,Noun,2
581,음식,Noun,2
582,리스,Noun,2
583,마드,Noun,2
584,마이,Noun,2
585,마트,Noun,2
586,구해,Noun,2
587,맞이,Noun,2
588,구,Modifier,2
589,교통카드,Noun,2
590,캠퍼,Noun,2
591,캠핑,Noun,2
592,커플,Noun,2
593,케이크,Noun,2
594,코인,Noun,2
595,킥,Noun,2
596,타,Noun,2
597,타파스,Noun,2
598,테르,Noun,2
599,통제,Noun,2
600,투자,Noun,2
601,트레블,Noun,2
602,곧,Noun,2
603,팁,Noun,2
604,팔로알토,Noun,2
605,팩,Noun,2
606,계속,Noun,2
607,포트와인,Noun,2
608,피,Noun,2
609,경로,Noun,2
610,하늘,Noun,2
611,하몽,Noun,2
612,한번,Noun,2
613,합창단,Noun,2
614,결승,Noun,2
615,해진,Noun,2
616,핸드폰,Noun,2
617,호안,Noun,2
618,건축물,Noun,2
619,건,Noun,2
620,후안,Noun,2
621,휴업,Noun,2
622,거의,Noun,2
623,암스테르담,Noun,2
624,개인,Noun,2
625,어플,Noun,2
626,언,Modifier,2
627,언덕,Noun,2
628,에스,Noun,2
629,에스파냐,Noun,2
630,엘,Noun,2
631,여기,Noun,2
632,여행사,Noun,2
633,연휴,Noun,2
634,오디오,Noun,2
635,오페라,Noun,2
636,각각,Noun,2
637,옥상,Noun,2
638,옥토버페스트,Noun,2
639,와이,Modifier,2
640,요구,Noun,2
641,요새,Noun,2
642,용품,Noun,2
643,우버,Noun,2
644,우산,Noun,2
645,가라,Noun,2
646,이런,Modifier,2
647,일이,Noun,2
648,일반,Noun,2
649,일찍,Noun,2
650,일로,Noun,2
651,자가,Noun,2
652,연습,Noun,1
653,숍,Noun,1
654,연월일,Noun,1
655,수기,Noun,1
656,반드시,Noun,1
657,반,Noun,1
658,수령,Noun,1
659,박후,Noun,1
660,연주,Noun,1
661,숙박,Noun,1
662,메가스토어,Noun,1
663,순간접착제,Noun,1
664,순례,Noun,1
665,술,Noun,1
666,술집,Noun,1
667,슈퍼,Noun,1
668,슈퍼마켓,Noun,1
669,스냅,Noun,1
670,난,Noun,1
671,스케이트보드,Noun,1
672,스크린,Noun,1
673,스타,Noun,1
674,스타디움,Noun,1
675,박준,Noun,1
676,연착,Noun,1
677,스톡홀름,Noun,1
678,스톤아일랜드,Noun,1
679,스톱,Noun,1
680,스트레스,Noun,1
681,연초,Noun,1
682,스페,Noun,1
683,나이키,Noun,1
684,스페인어,Noun,1
685,스폿,Noun,1
686,승천일,Noun,1
687,자고,Noun,1
688,민박,Noun,1
689,끼니,Noun,1
690,바지,Noun,1
691,시기,Noun,1
692,열,Noun,1
693,시내버스,Noun,1
694,열차,Noun,1
695,영,Noun,1
696,바이,Noun,1
697,바스,Noun,1
698,시즌,Noun,1
699,꽉,Noun,1
700,바리,Noun,1
701,전시관,Noun,1
702,식,Noun,1
703,꼬,Noun,1
704,영업,Noun,1
705,식이,Noun,1
706,영향,Noun,1
707,영화관,Noun,1
708,바깥,Noun,1
709,신분증,Noun,1
710,유의,Noun,1
711,신용카드,Noun,1
712,카탈,Noun,1
713,옆,Noun,1
714,카타르항공,Noun,1
715,카이로,Noun,1
716,실망,Noun,1
717,실외,Noun,1
718,심사,Noun,1
719,심야시간,Noun,1
720,십자가,Noun,1
721,간판,Noun,1
722,카메라,Noun,1
723,까뇨,Noun,1
724,날씨예보,Noun,1
725,카르멘,Noun,1
726,예보,Noun,1
727,길,Noun,1
728,바다,Noun,1
729,간이,Noun,1
730,내내,Noun,1
731,카니발,Noun,1
732,긴급,Noun,1
733,내야,Noun,1
734,기타,Noun,1
735,낼,Noun,1
736,간식,Noun,1
737,카,Noun,1
738,네덜란드,Noun,1
739,기준,Noun,1
740,넷,Noun,1
741,기존,Noun,1
742,노래방,Noun,1
743,놀,Noun,1
744,옛날,Noun,1
745,기생충,Noun,1
746,누깜프,Noun,1
747,오,Modifier,1
748,뉴,Noun,1
749,느낌,Noun,1
750,니,Noun,1
751,전문가,Noun,1
752,님스,Noun,1
753,치기,Noun,1
754,일대,Noun,1
755,다이닝,Noun,1
756,단계,Noun,1
757,단기,Noun,1
758,유효,Noun,1
759,달리,Noun,1
760,달이,Noun,1
761,전망,Noun,1
762,치,Noun,1
763,당분간,Noun,1
764,융프라우,Noun,1
765,기내,Noun,1
766,당장,Noun,1
767,당황,Noun,1
768,대구,Noun,1
769,대부분,Noun,1
770,오버,Noun,1
771,오시,Noun,1
772,기,Modifier,1
773,층,Noun,1
774,츄레리,Noun,1
775,취향,Noun,1
776,대형,Noun,1
777,금일,Noun,1
778,더위,Noun,1
779,오신,Noun,1
780,덜,Noun,1
781,금,Noun,1
782,데모,Noun,1
783,데이,Noun,1
784,덴,Noun,1
785,글,Noun,1
786,극장,Noun,1
787,도록,Noun,1
788,도르트문트,Noun,1
789,극성,Noun,1
790,도심,Noun,1
791,그린,Noun,1
792,그레이엄,Noun,1
793,도하,Noun,1
794,독립,Noun,1
795,각종,Noun,1
796,취리히,Noun,1
797,동,Modifier,1
798,동네,Noun,1
799,동물원,Noun,1
800,동반,Noun,1
801,춤,Noun,1
802,동선,Noun,1
803,동시,Noun,1
804,그때,Noun,1
805,동유럽,Noun,1
806,출시,Noun,1
807,돼지,Noun,1
808,축구장,Noun,1
809,두브로브니크,Noun,1
810,그대로,Noun,1
811,둘째,Noun,1
812,드립,Noun,1
813,듯,Noun,1
814,이브,Noun,1
815,등급,Noun,1
816,등등,Noun,1
817,디,Noun,1
818,그날,Noun,1
819,디즈니,Noun,1
820,딜레,Noun,1
821,그,Noun,1
822,추석,Noun,1
823,땜,Noun,1
824,추로스,Noun,1
825,라니아,Noun,1
826,규정,Noun,1
827,일차,Noun,1
828,최고,Noun,1
829,촬영,Noun,1
830,이디엄,Noun,1
831,라운지,Noun,1
832,라이,Noun,1
833,라이브,Noun,1
834,라커룸,Noun,1
835,오피,Noun,1
836,랄,Noun,1
837,람,Noun,1
838,음성,Noun,1
839,일출,Noun,1
840,레고,Noun,1
841,총알,Noun,1
842,레슨,Noun,1
843,레알,Noun,1
844,군사,Noun,1
845,레트,Noun,1
846,임산부,Noun,1
847,렌털할만,Noun,1
848,군데,Noun,1
849,렐라,Noun,1
850,려고,Noun,1
851,국화,Noun,1
852,로셀론,Noun,1
853,옥토버,Noun,1
854,로이,Noun,1
855,국제우편,Noun,1
856,임시,Noun,1
857,론다,Noun,1
858,롤라,Noun,1
859,온도,Noun,1
860,루스,Noun,1
861,루이비통,Noun,1
862,루체른,Noun,1
863,루트,Noun,1
864,온라인,Noun,1
865,총선,Noun,1
866,리버풀,Noun,1
867,올,Modifier,1
868,국왕컵,Noun,1
869,총,Modifier,1
870,리옹,Noun,1
871,리턴,Noun,1
872,리폰,Noun,1
873,국기,Noun,1
874,초보자,Noun,1
875,마구,Noun,1
876,올리브,Noun,1
877,국경일,Noun,1
878,마레,Noun,1
879,초보,Noun,1
880,마르세유,Noun,1
881,마법,Noun,1
882,마비,Noun,1
883,마사지,Noun,1
884,마스,Noun,1
885,초록색,Noun,1
886,마스터카드,Noun,1
887,국가,Noun,1
888,올리브오일,Noun,1
889,국,Noun,1
890,청소년,Noun,1
891,올해,Noun,1
892,막,Noun,1
893,가츠,Noun,1
894,만,Modifier,1
895,구합,Noun,1
896,만원,Noun,1
897,청소,Noun,1
898,구입,Noun,1
899,첫날,Noun,1
900,구로,Noun,1
901,망고,Noun,1
902,전동,Noun,1
903,구글맵,Noun,1
904,일박,Noun,1
905,매진,Noun,1
906,맥주,Noun,1
907,맨유전,Noun,1
908,이상,Noun,1
909,천둥,Noun,1
910,캄누,Noun,1
911,캄푸,Noun,1
912,교환학생,Noun,1
913,처,Noun,1
914,적,Noun,1
915,캐비,Noun,1
916,캔,Noun,1
917,와인,Noun,1
918,완치,Noun,1
919,저학년,Noun,1
920,커피,Noun,1
921,케이블,Noun,1
922,교통체증,Noun,1
923,저택,Noun,1
924,켜,Noun,1
925,찬,Noun,1
926,코너,Noun,1
927,교통상황,Noun,1
928,착용,Noun,1
929,왜인,Noun,1
930,콘택트,Noun,1
931,관할,Noun,1
932,차이점,Noun,1
933,콤보,Noun,1
934,콰트로,Noun,1
935,쿠폰,Noun,1
936,크기,Noun,1
937,크루즈,Noun,1
938,관전,Noun,1
939,클라시코,Noun,1
940,관심,Noun,1
941,저녁때,Noun,1
942,킹스컵,Noun,1
943,음식점,Noun,1
944,외부,Noun,1
945,차량,Noun,1
946,타나,Noun,1
947,이세,Noun,1
948,타임,Noun,1
949,타입,Noun,1
950,외투,Noun,1
951,탄생,Noun,1
952,관리,Noun,1
953,탈수,Noun,1
954,가나,Noun,1
955,탑바,Noun,1
956,탑승,Noun,1
957,이센스,Noun,1
958,쮜,Noun,1
959,과,Noun,1
960,집회,Noun,1
961,공항철도,Noun,1
962,터,Noun,1
963,공포증,Noun,1
964,텀블러,Noun,1
965,텅텅,Noun,1
966,집결,Noun,1
967,이야기,Noun,1
968,테드,Noun,1
969,요,Modifier,1
970,이오,Noun,1
971,텍스,Noun,1
972,진료,Noun,1
973,토니,Noun,1
974,토레스,Noun,1
975,토리노,Noun,1
976,직항,Noun,1
977,직원,Noun,1
978,토시,Noun,1
979,공연장,Noun,1
980,톨,Noun,1
981,톨레도,Noun,1
982,통,Noun,1
983,통금,Noun,1
984,가죽공예,Noun,1
985,통행금지,Noun,1
986,투스,Noun,1
987,이요,Noun,1
988,입국심사,Noun,1
989,이전,Noun,1
990,이집트,Noun,1
991,트랙,Noun,1
992,트러플,Noun,1
993,일간,Noun,1
994,틀,Noun,1
995,티,Noun,1
996,의류,Noun,1
997,티비,Noun,1
998,공,Modifier,1
999,요리,Noun,1
1000,티켓팅,Noun,1
1001,입문,Noun,1
1002,고지,Noun,1
1003,파란,Noun,1
1004,고양이,Noun,1
1005,파밀,Noun,1
1006,파사드,Noun,1
1007,파손,Noun,1
1008,파이,Noun,1
1009,파크,Noun,1
1010,판매,Noun,1
1011,판초,Noun,1
1012,판타스,Noun,1
1013,팔,Noun,1
1014,요일,Noun,1
1015,지각,Noun,1
1016,패밀리,Noun,1
1017,중인,Noun,1
1018,패스트,Noun,1
1019,패스트푸드,Noun,1
1020,고비,Noun,1
1021,재미,Noun,1
1022,고딩,Noun,1
1023,페리,Noun,1
1024,고견,Noun,1
1025,편이,Noun,1
1026,평일,Noun,1
1027,평행봉,Noun,1
1028,폐장,Noun,1
1029,포기,Noun,1
1030,중이,Noun,1
1031,계시,Noun,1
1032,용,Noun,1
1033,포르투나,Noun,1
1034,포르트,Noun,1
1035,포텐,Noun,1
1036,용법,Noun,1
1037,계산,Noun,1
1038,중국,Noun,1
1039,인간탑,Noun,1
1040,준,Noun,1
1041,표시,Noun,1
1042,풋살,Noun,1
1043,프라다,Noun,1
1044,프라이,Noun,1
1045,경찰,Noun,1
1046,경전철,Noun,1
1047,주의보,Noun,1
1048,프레,Noun,1
1049,프로,Noun,1
1050,경우,Noun,1
1051,경보,Noun,1
1052,플라밍고,Noun,1
1053,플리,Noun,1
1054,입성,Noun,1
1055,우기,Noun,1
1056,피부,Noun,1
1057,경량,Noun,1
1058,피탈,Noun,1
1059,핀,Noun,1
1060,의무,Noun,1
1061,주의,Noun,1
1062,주요,Noun,1
1063,주관,Noun,1
1064,가능성,Noun,1
1065,주간,Noun,1
1066,자유시간,Noun,1
1067,하이엔드,Noun,1
1068,하필,Noun,1
1069,학생,Noun,1
1070,한,Modifier,1
1071,인상,Noun,1
1072,한국인,Noun,1
1073,한글,Noun,1
1074,한마디,Noun,1
1075,우천,Noun,1
1076,한식당,Noun,1
1077,한여름,Noun,1
1078,결재,Noun,1
1079,할렘,Noun,1
1080,좌절,Noun,1
1081,함,Noun,1
1082,우회,Noun,1
1083,재,Noun,1
1084,좌석,Noun,1
1085,인생,Noun,1
1086,항공권,Noun,1
1087,조카,Noun,1
1088,항행,Noun,1
1089,결과,Noun,1
1090,해결,Noun,1
1091,해도,Noun,1
1092,견해,Noun,1
1093,인식,Noun,1
1094,해외여행,Noun,1
1095,잡기,Noun,1
1096,워킹,Noun,1
1097,행,Noun,1
1098,격화,Noun,1
1099,허니문,Noun,1
1100,헤어스프레이,Noun,1
1101,조안,Noun,1
1102,헹켈,Noun,1
1103,현,Noun,1
1104,조깅,Noun,1
1105,조금,Noun,1
1106,젠,Noun,1
1107,게이,Noun,1
1108,원,Noun,1
1109,호우,Noun,1
1110,겁,Noun,1
1111,혹,Noun,1
1112,검색,Noun,1
1113,혼,Noun,1
1114,잠깐,Noun,1
1115,홀,Noun,1
1116,홀로,Noun,1
1117,제품,Noun,1
1118,홍보,Noun,1
1119,홍수,Noun,1
1120,화,Noun,1
1121,화요일,Noun,1
1122,화장,Noun,1
1123,화장실,Noun,1
1124,제약,Noun,1
1125,환급,Noun,1
1126,인정,Noun,1
1127,제과제빵,Noun,1
1128,환전소,Noun,1
1129,활동,Noun,1
1130,제,Modifier,1
1131,회사,Noun,1
1132,회색,Noun,1
1133,횟수,Noun,1
1134,원일,Noun,1
1135,후기,Noun,1
1136,작성,Noun,1
1137,후회,Noun,1
1138,휑,Noun,1
1139,정품,Noun,1
1140,가세,Noun,1
1141,휴일,Noun,1
1142,흥정,Noun,1
1143,거품,Noun,1
1144,힙색,Noun,1
1145,아기,Noun,1
1146,아들,Noun,1
1147,아래쪽,Noun,1
1148,아마,Noun,1
1149,아무,Modifier,1
1150,아버지,Noun,1
1151,아부다비,Noun,1
1152,월넷,Noun,1
1153,정상,Noun,1
1154,아웃렛,Noun,1
1155,인천공항,Noun,1
1156,갤러리,Noun,1
1157,아트,Noun,1
1158,아티,Noun,1
1159,객실,Noun,1
1160,안티,Noun,1
1161,개장,Noun,1
1162,작동,Noun,1
1163,앞,Noun,1
1164,애니,Noun,1
1165,애플스토어,Noun,1
1166,액,Noun,1
1167,액체,Noun,1
1168,이내,Noun,1
1169,자의,Noun,1
1170,야외,Noun,1
1171,양털,Noun,1
1172,개시,Noun,1
1173,개성,Noun,1
1174,어딘,Noun,1
1175,개선문,Noun,1
1176,어떳,Noun,1
1177,정리,Noun,1
1178,어제,Noun,1
1179,자,Noun,1
1180,가두,Noun,1
1181,위,Noun,1
1182,개념,Noun,1
1183,얼,Noun,1
1184,얼굴,Noun,1
1185,얼마,Noun,1
1186,정,Noun,1
1187,엄마,Noun,1
1188,업체,Noun,1
1189,일수,Noun,1
1190,일송,Noun,1
1191,에스파뇰,Noun,1
1192,에스프레소,Noun,1
1193,접착제,Noun,1
1194,에어비앤비,Noun,1
1195,문화,Noun,1
1196,에어팟,Noun,1
1197,보호대,Noun,1
1198,복귀,Noun,1
1199,복장,Noun,1
1200,문,Modifier,1
1201,무조건,Noun,1
1202,부,Noun,1
1203,에이,Noun,1
1204,부다페스트,Noun,1
1205,자물쇠,Noun,1
1206,부스터,Noun,1
1207,부킹,Noun,1
1208,유무,Noun,1
1209,부터,Noun,1
1210,점심,Noun,1
1211,여,Modifier,1
1212,분도,Noun,1
1213,무리,Noun,1
1214,무,Noun,1
1215,불꽃,Noun,1
1216,불꽃놀이,Noun,1
1217,불토,Noun,1
1218,뷔페,Noun,1
1219,브라,Noun,1
1220,브라스,Noun,1
1221,브랜드,Noun,1
1222,브레가,Noun,1
1223,블,Noun,1
1224,몽클레어,Noun,1
1225,전후,Noun,1
1226,비누,Noun,1
1227,비니,Noun,1
1228,전체,Noun,1
1229,비바,Noun,1
1230,비어,Noun,1
1231,비엔나,Noun,1
1232,보시,Noun,1
1233,목요일,Noun,1
1234,목,Noun,1
1235,일일,Noun,1
1236,빈티,Noun,1
1237,빔,Noun,1
1238,빛,Noun,1
1239,보른,Noun,1
1240,빡쌜까,Noun,1
1241,빨래,Noun,1
1242,여기저기,Noun,1
1243,사고,Noun,1
1244,사기,Noun,1
1245,전쟁,Noun,1
1246,물값,Noun,1
1247,사려,Noun,1
1248,사르,Noun,1
1249,병경,Noun,1
1250,개국,Noun,1
1251,사본,Noun,1
1252,사봉,Noun,1
1253,사서,Noun,1
1254,모로코,Noun,1
1255,사이트,Noun,1
1256,별로,Noun,1
1257,별,Modifier,1
1258,개,Noun,1
1259,변동,Noun,1
1260,산다,Noun,1
1261,산미구엘,Noun,1
1262,모레,Noun,1
1263,산책,Noun,1
1264,산체스,Noun,1
1265,모두,Noun,1
1266,변,Noun,1
1267,강탈,Noun,1
1268,물씬,Noun,1
1269,범위,Noun,1
1270,상점가,Noun,1
1271,상주,Noun,1
1272,상품,Noun,1
1273,상향,Noun,1
1274,명당,Noun,1
1275,새,Noun,1
1276,새끼,Noun,1
1277,명과,Noun,1
1278,번스,Noun,1
1279,번만,Noun,1
1280,서로,Noun,1
1281,면세,Noun,1
1282,서점,Noun,1
1283,서핑,Noun,1
1284,선,Noun,1
1285,선물,Noun,1
1286,여정,Noun,1
1287,선별,Noun,1
1288,선셋,Noun,1
1289,선정,Noun,1
1290,번개,Noun,1
1291,설치,Noun,1
1292,강도,Noun,1
1293,유모차,Noun,1
1294,여행객,Noun,1
1295,성가대,Noun,1
1296,버버리,Noun,1
1297,면,Noun,1
1298,성모,Noun,1
1299,성비,Noun,1
1300,성탄,Noun,1
1301,일본,Noun,1
1302,유료,Noun,1
1303,세금,Noun,1
1304,백,Noun,1
1305,배분,Noun,1
1306,세탁,Noun,1
1307,방,Noun,1
1308,감,Noun,1
1309,뮤지컬,Noun,1
1310,셔틀버스,Noun,1
1311,갈수,Noun,1
1312,엮,Noun,1
1313,소가,Noun,1
1314,소년,Noun,1
1315,소도시,Noun,1
1316,발목,Noun,1
1317,멤버십,Noun,1
1318,연,Noun,1
1319,전야,Noun,1
1320,송해면,Noun,1
1321,멜론,Noun,1
1322,쇼코,Noun,1