l_wordcnt.no,l_wordcnt.content,l_wordcnt.mor,l_wordcnt.cnt
1,공항,Noun,603
2,곳,Noun,459
3,날씨,Noun,442
4,파리,Noun,439
5,뮤지컬,Noun,403
6,시내,Noun,383
7,패스,Noun,372
8,역,Noun,334
9,추천,Noun,330
10,해리포터,Noun,311
11,질문,Noun,303
12,분,Noun,293
13,카드,Noun,270
14,요,Noun,269
15,킹스크로스,Noun,258
16,교통,Noun,254
17,루턴,Noun,244
18,어떤,Modifier,236
19,에든버러,Noun,236
20,입국,Noun,219
21,방법,Noun,218
22,근교,Noun,215
23,여행,Noun,209
24,아시,Noun,208
25,때,Noun,179
26,오,Modifier,175
27,이스터,Noun,174
28,영국,Noun,173
29,관련,Noun,171
30,히스,Noun,167
31,예약,Noun,163
32,문의,Noun,161
33,일,Noun,157
34,저녁,Noun,156
35,시,Noun,155
36,개,Noun,155
37,트윅,Noun,154
38,더,Noun,149
39,구매,Noun,147
40,법,Noun,138
41,월초,Noun,129
42,바스,Noun,124
43,스튜디오,Noun,111
44,가든,Noun,110
45,이용,Noun,110
46,스카이,Noun,105
47,월,Noun,102
48,티켓,Noun,100
49,근처,Noun,98
50,게,Noun,97
51,좀,Noun,93
52,이동,Noun,92
53,새벽,Noun,91
54,꼭,Noun,87
55,야경,Noun,85
56,데이,Noun,84
57,검사,Noun,83
58,편,Noun,82
59,트래블,Noun,82
60,아이,Noun,82
61,시트,Noun,80
62,샤드,Noun,80
63,박,Noun,79
64,건가,Noun,79
65,조언,Noun,79
66,치안,Noun,78
67,라이언킹,Noun,78
68,볼,Noun,77
69,호텔,Noun,76
70,못,Noun,76
71,가야,Noun,76
72,지하철,Noun,74
73,내일,Noun,73
74,세븐,Noun,73
75,수,Noun,72
76,교통비,Noun,72
77,전,Noun,72
78,백신,Noun,71
79,시스터즈,Noun,70
80,출국,Noun,69
81,급,Noun,68
82,서류,Noun,68
83,옥스퍼드,Noun,68
84,지역,Noun,67
85,터미널,Noun,67
86,걸,Noun,67
87,코츠,Noun,67
88,쪽,Noun,67
89,가기,Noun,66
90,월드,Noun,66
91,파운드,Noun,66
92,구경,Noun,65
93,유스,Noun,65
94,메일,Noun,65
95,턴,Noun,65
96,얼마나,Noun,65
97,팁,Noun,65
98,항원,Noun,64
99,온라인,Noun,64
100,귀국,Noun,64
101,신속,Noun,64
102,더블린,Noun,64
103,실패,Noun,64
104,가나,Noun,63
105,작성,Noun,63
106,동안,Noun,63
107,왕복,Noun,63
108,사진,Noun,62
109,우산,Noun,62
110,일주일,Noun,62
111,케임브리지,Noun,62
112,규정,Noun,62
113,저,Noun,62
114,검색,Noun,61
115,리코,Noun,61
116,전날,Noun,61
117,환전,Noun,61
118,월말,Noun,61
119,폴란드,Noun,61
120,라면,Noun,61
121,팔레르모,Noun,60
122,백화점,Noun,60
123,코피,Noun,60
124,연고,Noun,60
125,매너,Noun,60
126,전혀,Noun,60
127,여기저기,Noun,60
128,복장,Noun,60
129,켄싱턴,Noun,60
130,동선,Noun,60
131,옥스,Noun,60
132,마구,Noun,60
133,트웍,Noun,60
134,약국,Noun,60
135,체인,Noun,60
136,사내,Noun,60
137,안전,Noun,60
138,요크,Noun,60
139,슬리퍼,Noun,60
140,플러그,Noun,60
141,포트,Noun,60
142,폐쇄된다,Noun,60
143,아래,Noun,60
144,일시,Noun,60
145,록스,Noun,60
146,펄트,Noun,60
147,헤롯,Noun,60
148,런던아이,Noun,58
149,가요,Noun,58
150,버스,Noun,53
151,시간,Noun,50
152,월렛,Noun,49
153,도착,Noun,46
154,일정,Noun,45
155,크리스마스,Noun,44
156,중,Noun,43
157,스,Noun,42
158,택시,Noun,42
159,투어,Noun,42
160,우버,Noun,41
161,마켓,Noun,40
162,파업,Noun,40
163,안,Noun,40
164,거,Noun,39
165,박물관,Noun,38
166,히드로,Noun,37
167,교통카드,Noun,37
168,새해,Noun,37
169,대중교통,Noun,35
170,지금,Noun,35
171,티,Noun,32
172,트레블,Noun,32
173,토트넘,Noun,31
174,밤,Noun,30
175,애프터눈,Noun,30
176,숙소,Noun,30
177,패딩턴,Noun,30
178,리스,Noun,29
179,콘택트,Noun,28
180,사용,Noun,28
181,뭐,Noun,26
182,프레,Noun,25
183,익스,Noun,25
184,결제,Noun,23
185,어디,Noun,22
186,불꽃놀이,Noun,22
187,후,Noun,22
188,맛집,Noun,21
189,비,Noun,20
190,하루,Noun,20
191,오늘,Noun,20
192,빅토리아,Noun,20
193,당일,Noun,19
194,요금,Noun,19
195,혼자,Noun,19
196,입장,Noun,19
197,몇,Noun,18
198,하나요,Noun,18
199,예매,Noun,18
200,버킹엄,Noun,17
201,현재,Noun,17
202,펍,Noun,17
203,관광지,Noun,16
204,정도,Noun,16
205,일요일,Noun,16
206,요즘,Noun,16
207,캡,Noun,16
208,세인트폴,Noun,16
209,예정,Noun,16
210,코로나,Noun,16
211,것,Noun,16
212,교대,Noun,15
213,궁전,Noun,15
214,혹시,Noun,15
215,이,Noun,15
216,파크,Noun,15
217,기차,Noun,15
218,미리,Noun,15
219,바,Noun,15
220,시,Modifier,14
221,뭘,Noun,14
222,분위기,Noun,14
223,말,Noun,14
224,초,Noun,14
225,데,Noun,14
226,타워브리지,Noun,14
227,가도,Noun,14
228,아침,Noun,14
229,라인,Noun,14
230,및,Noun,14
231,포토,Noun,13
232,만,Noun,13
233,살,Noun,13
234,축구,Noun,13
235,언제,Noun,13
236,카페,Noun,13
237,스탠,Noun,13
238,테드,Noun,13
239,보신,Noun,13
240,타고,Noun,13
241,식당,Noun,13
242,대성당,Noun,13
243,빅벤,Noun,12
244,오전,Noun,12
245,운행,Noun,12
246,날,Noun,12
247,대,Modifier,12
248,보관,Noun,12
249,짐,Noun,12
250,쯤,Noun,12
251,해리,Noun,12
252,세인트,Noun,12
253,판,Noun,11
254,고민,Noun,11
255,근위병,Noun,11
256,충전,Noun,11
257,주,Noun,11
258,트랙,Noun,11
259,벨,Noun,11
260,튜브,Noun,11
261,오후,Noun,11
262,내셔널,Noun,11
263,미술관,Noun,11
264,위치,Noun,11
265,공연,Noun,11
266,레스토랑,Noun,11
267,포터,Noun,11
268,가면,Noun,11
269,영,Modifier,11
270,하나,Noun,11
271,세,Noun,10
272,앤,Noun,10
273,유령,Noun,10
274,존,Noun,10
275,가격,Noun,10
276,탈,Noun,10
277,내,Noun,10
278,오페라,Noun,10
279,경기,Noun,10
280,도움,Noun,10
281,철도,Noun,10
282,캐리어,Noun,9
283,등,Noun,9
284,정보,Noun,9
285,겨울,Noun,9
286,토요일,Noun,9
287,좌석,Noun,9
288,랜드,Noun,9
289,탑승,Noun,9
290,보고,Noun,9
291,유니폼,Noun,9
292,당일치기,Noun,9
293,윈터,Noun,9
294,구,Noun,9
295,현장,Noun,9
296,계획,Noun,9
297,구입,Noun,9
298,확인,Noun,9
299,자연사,Noun,9
300,엘리자베스,Noun,9
301,비바,Noun,9
302,관람,Noun,8
303,경기장,Noun,8
304,블로그,Noun,8
305,얼마,Noun,8
306,극장,Noun,8
307,갤러리,Noun,8
308,필수,Noun,8
309,첫날,Noun,8
310,맛,Noun,8
311,기념품,Noun,8
312,원더,Noun,8
313,가이드,Noun,8
314,카운트다운,Noun,8
315,번,Noun,8
316,일리,Noun,8
317,수역,Noun,7
318,피카딜리,Noun,7
319,내셔널갤러리,Noun,7
320,프랑스,Noun,7
321,프라,Noun,7
322,레일,Noun,7
323,타,Modifier,7
324,로마,Noun,7
325,페이,Noun,7
326,브릭레인,Noun,7
327,버,Noun,7
328,명,Noun,7
329,자리,Noun,7
330,자전거,Noun,7
331,코,Noun,7
332,달,Noun,7
333,장소,Noun,7
334,가장,Noun,7
335,출발,Noun,7
336,처,Noun,7
337,이후,Noun,7
338,최근,Noun,7
339,유로스타,Noun,7
340,애플,Noun,7
341,대해,Noun,7
342,해,Noun,7
343,공유,Noun,6
344,그냥,Noun,6
345,어린이,Noun,6
346,두,Noun,6
347,리츠,Noun,6
348,로우,Noun,6
349,시티,Noun,6
350,레미제라블,Noun,6
351,필요,Noun,6
352,스콘,Noun,6
353,국제,Noun,6
354,학생증,Noun,6
355,할인,Noun,6
356,소,Noun,6
357,구장,Noun,6
358,바르셀로나,Noun,6
359,성당,Noun,6
360,트,Noun,6
361,여왕,Noun,6
362,여자,Noun,6
363,탑,Noun,6
364,고수,Noun,6
365,크루즈,Noun,6
366,오류,Noun,6
367,축제,Noun,6
368,첼시,Noun,6
369,위키드,Noun,6
370,첫,Noun,6
371,윈저,Noun,6
372,집,Noun,6
373,볼트,Noun,6
374,음식점,Noun,6
375,부탁,Noun,6
376,인,Noun,6
377,빅,Noun,6
378,사원,Noun,6
379,브리지,Noun,6
380,입장권,Noun,6
381,블랙,Noun,6
382,다른,Noun,6
383,세트,Noun,5
384,가족,Noun,5
385,공홈,Noun,5
386,관광,Noun,5
387,관할,Noun,5
388,마지막,Noun,5
389,마트,Noun,5
390,무료,Noun,5
391,무슨,Noun,5
392,발급,Noun,5
393,보,Noun,5
394,보기,Noun,5
395,보통,Noun,5
396,불꽃,Noun,5
397,비용,Noun,5
398,비행기,Noun,5
399,상황,Noun,5
400,조명,Noun,5
401,종이,Noun,5
402,취소,Noun,5
403,층,Noun,5
404,손흥민,Noun,5
405,스위스,Noun,5
406,스페인,Noun,5
407,시반,Noun,5
408,알,Noun,5
409,어디가,Noun,5
410,날짜,Noun,5
411,내부,Noun,5
412,년,Noun,5
413,티켓팅,Noun,5
414,판크라스,Noun,5
415,프라하,Noun,5
416,환승,Noun,5
417,여행지,Noun,5
418,오픈,Noun,5
419,원,Noun,5
420,웨스트민스터,Noun,5
421,유럽,Noun,5
422,이드,Noun,5
423,이스,Noun,5
424,이탈리아,Noun,5
425,인근,Noun,5
426,다음,Noun,4
427,소호,Noun,4
428,불,Noun,4
429,스타디움,Noun,4
430,평일,Noun,4
431,줄,Noun,4
432,스타,Noun,4
433,광장,Noun,4
434,변경,Noun,4
435,오,Noun,4
436,환불,Noun,4
437,스코틀랜드,Noun,4
438,자동,Noun,4
439,연말,Noun,4
440,공사,Noun,4
441,준비,Noun,4
442,맨체스터,Noun,4
443,숍,Noun,4
444,차,Noun,4
445,여부,Noun,4
446,여기,Noun,4
447,나이,Noun,4
448,한인,Noun,4
449,히스로공항,Noun,4
450,수단,Noun,4
451,벤트,Noun,4
452,퍼레이드,Noun,4
453,피시,Noun,4
454,티젠,Noun,4
455,적용,Noun,4
456,비스터,Noun,4
457,해결,Noun,4
458,사이트,Noun,4
459,초등,Noun,4
460,중순,Noun,4
461,칩스,Noun,4
462,인권,Noun,4
463,이유,Noun,4
464,선택,Noun,4
465,체크,Noun,4
466,이름,Noun,4
467,패스트,Noun,4
468,일찍,Noun,4
469,등록,Noun,4
470,유로,Noun,4
471,메이슨,Noun,4
472,도시,Noun,4
473,거리,Noun,4
474,키트,Noun,4
475,마틸다,Noun,4
476,런던탑,Noun,4
477,일,Modifier,4
478,크리스마스이브,Noun,4
479,금액,Noun,4
480,어플,Noun,4
481,만,Modifier,4
482,브뤼셀,Noun,4
483,주말,Noun,4
484,왜,Noun,4
485,제일,Noun,4
486,트래펄가,Noun,4
487,기간,Noun,4
488,제한,Noun,4
489,소요,Noun,4
490,홀,Noun,4
491,코트,Noun,4
492,성,Noun,4
493,원래,Noun,3
494,선데이,Noun,3
495,하우스,Noun,3
496,지나,Noun,3
497,한,Modifier,3
498,한국,Noun,3
499,한다는,Modifier,3
500,한번,Noun,3
501,바로,Noun,3
502,함,Noun,3
503,제,Noun,3
504,지엄,Noun,3
505,멀티,Noun,3
506,그리니치,Noun,3
507,베를린,Noun,3
508,자가,Noun,3
509,카운트,Noun,3
510,현지,Noun,3
511,직관,Noun,3
512,홈페이지,Noun,3
513,진짜,Noun,3
514,쇼디치,Noun,3
515,길,Noun,3
516,캠든,Noun,3
517,미사,Noun,3
518,과학,Noun,3
519,힐,Noun,3
520,상점,Noun,3
521,남자,Noun,3
522,공원,Noun,3
523,열차,Noun,3
524,뮤,Noun,3
525,노숙,Noun,3
526,예,Modifier,3
527,스퀘어,Noun,3
528,곧,Noun,3
529,오디오,Noun,3
530,느낌,Noun,3
531,버러,Noun,3
532,코치,Noun,3
533,스탠스,Noun,3
534,옥,Noun,3
535,경우,Noun,3
536,브라이튼,Noun,3
537,스테이션,Noun,3
538,주간,Noun,3
539,스톤헨지,Noun,3
540,외,Noun,3
541,스톱,Noun,3
542,처음,Noun,3
543,대기,Noun,3
544,주로,Noun,3
545,스폿,Noun,3
546,문제,Noun,3
547,대여,Noun,3
548,대한,Noun,3
549,워털루,Noun,3
550,보트,Noun,3
551,일일,Noun,3
552,크림,Noun,3
553,클럽,Noun,3
554,월일,Noun,3
555,건,Noun,3
556,도,Noun,3
557,웸블리,Noun,3
558,시스터스,Noun,3
559,위,Noun,3
560,시작,Noun,3
561,가능,Noun,3
562,시차,Noun,3
563,동반,Noun,3
564,주변,Noun,3
565,둘,Noun,3
566,음성,Noun,3
567,뒤,Noun,3
568,의견,Noun,3
569,타워,Noun,3
570,방문,Noun,3
571,마감,Noun,3
572,라이브,Noun,3
573,이제,Noun,3
574,가지,Noun,3
575,링크,Noun,3
576,신용카드,Noun,3
577,주요,Noun,3
578,사람,Noun,3
579,사보이,Noun,3
580,사서,Noun,3
581,별로,Noun,3
582,사항,Noun,3
583,사이,Noun,3
584,사전,Noun,3
585,리치먼드,Noun,3
586,일몰,Noun,3
587,접종,Noun,3
588,반입,Noun,3
589,테이,Noun,3
590,템즈,Noun,3
591,일반,Noun,3
592,토,Noun,3
593,루트,Noun,3
594,암스테르담,Noun,3
595,로스트,Noun,3
596,포드,Noun,3
597,반,Noun,3
598,트라팔가,Noun,3
599,박싱데이,Noun,3
600,표,Noun,3
601,모든,Noun,3
602,프라이,Noun,3
603,프로즌,Noun,3
604,프린트,Noun,3
605,어딘가,Noun,3
606,피,Noun,3
607,며칠,Noun,3
608,불가,Noun,3
609,용법,Noun,2
610,아쿠아,Noun,2
611,버거,Noun,2
612,하차,Noun,2
613,겨우,Noun,2
614,정거장,Noun,2
615,취소표,Noun,2
616,대신,Noun,2
617,자정,Noun,2
618,승강장,Noun,2
619,금요일,Noun,2
620,크로스,Noun,2
621,대학,Noun,2
622,얼스,Noun,2
623,뱅크,Noun,2
624,문,Noun,2
625,투,Noun,2
626,투데이,Noun,2
627,댓글,Noun,2
628,알버트,Noun,2
629,구,Modifier,2
630,구간,Noun,2
631,백,Noun,2
632,겉옷,Noun,2
633,현금,Noun,2
634,모던,Noun,2
635,앞,Noun,2
636,벽화,Noun,2
637,정리,Noun,2
638,금,Noun,2
639,잔액,Noun,2
640,일간,Noun,2
641,가능역,Noun,2
642,보증금,Noun,2
643,웨이,Noun,2
644,청소년,Noun,2
645,편도,Noun,2
646,편의점,Noun,2
647,선,Noun,2
648,도보,Noun,2
649,먼데이,Noun,2
650,킹스,Noun,2
651,지터,Noun,2
652,셜록,Noun,2
653,려고,Noun,2
654,위험,Noun,2
655,배,Noun,2
656,시점,Noun,2
657,시즌,Noun,2
658,독일,Noun,2
659,돈,Noun,2
660,동,Modifier,2
661,동네,Noun,2
662,유람선,Noun,2
663,유랑,Noun,2
664,폐업,Noun,2
665,유레일패스,Noun,2
666,개시,Noun,2
667,셔틀버스,Noun,2
668,필름,Noun,2
669,포르토,Noun,2
670,킹스턴,Noun,2
671,주문,Noun,2
672,갑자기,Noun,2
673,마스크,Noun,2
674,포르투,Noun,2
675,포르투갈,Noun,2
676,명소,Noun,2
677,음식,Noun,2
678,입국심사,Noun,2
679,브런치,Noun,2
680,무작정,Noun,2
681,응원,Noun,2
682,레스터,Noun,2
683,드레스코드,Noun,2
684,식사,Noun,2
685,살기,Noun,2
686,햄프턴,Noun,2
687,픽업,Noun,2
688,센트럴,Noun,2
689,디,Noun,2
690,그린,Noun,2
691,디지털,Noun,2
692,포함,Noun,2
693,이번,Noun,2
694,이비,Noun,2
695,폭염,Noun,2
696,때문,Noun,2
697,지정,Noun,2
698,일차,Noun,2
699,간,Noun,2
700,신분,Noun,2
701,신분증,Noun,2
702,라이,Noun,2
703,쥬빌리,Noun,2
704,이용문,Noun,2
705,밀라노,Noun,2
706,인원,Noun,2
707,입,Noun,2
708,무엇,Noun,2
709,각각,Noun,2
710,익스플로러,Noun,2
711,피렌체,Noun,2
712,부다페스트,Noun,2
713,가게,Noun,2
714,야간,Noun,2
715,레드,Noun,2
716,언더그라운드,Noun,2
717,체크카드,Noun,2
718,밥,Noun,2
719,체험,Noun,2
720,사,Modifier,2
721,리턴,Noun,2
722,랜드마크,Noun,2
723,실외,Noun,2
724,태그,Noun,2
725,출입국,Noun,2
726,태드,Noun,2
727,푸룬,Noun,2
728,약,Modifier,2
729,사시,Noun,2
730,심사,Noun,2
731,주의,Noun,2
732,퓨처,Noun,2
733,적,Noun,2
734,어른,Noun,2
735,해도,Noun,2
736,해당,Noun,2
737,모두,Noun,2
738,사전예약,Noun,2
739,구합,Noun,2
740,발레,Noun,2
741,부시,Noun,2
742,그,Noun,2
743,조식,Noun,2
744,나,Noun,2
745,관,Noun,2
746,초등학생,Noun,2
747,휴무,Noun,2
748,점심,Noun,2
749,끌,Noun,2
750,북역,Noun,2
751,볼거리,Noun,2
752,미만,Noun,2
753,출력,Noun,2
754,남아,Noun,2
755,여권,Noun,2
756,후회,Noun,2
757,상담,Noun,2
758,본적,Noun,2
759,조합,Noun,2
760,낮,Noun,2
761,전망대,Noun,2
762,맥주,Noun,2
763,컬,Noun,2
764,틱스,Noun,2
765,잡기,Noun,2
766,후불,Noun,2
767,전철,Noun,2
768,쇼핑,Noun,2
769,슈퍼,Noun,2
770,연극,Noun,2
771,진행,Noun,2
772,번트,Noun,2
773,연초,Noun,2
774,제,Modifier,2
775,번만,Noun,2
776,관해,Noun,2
777,참견,Noun,2
778,노,Noun,2
779,군데,Noun,2
780,장례식,Noun,2
781,영업,Noun,2
782,아무,Noun,2
783,서커스,Noun,2
784,코스,Noun,2
785,가신,Noun,2
786,부활절,Noun,2
787,리버풀,Noun,2
788,별,Noun,2
789,환급,Noun,2
790,화장실,Noun,2
791,피크,Noun,2
792,생각,Noun,2
793,계속,Noun,2
794,아웃,Noun,2
795,물품,Noun,2
796,오블릭스,Noun,2
797,니,Noun,2
798,바셀,Noun,2
799,매장,Noun,2
800,리,Noun,2
801,지불,Noun,2
802,계산,Noun,2
803,스탬,Noun,2
804,일이,Noun,2
805,기준,Noun,2
806,프림로즈,Noun,2
807,단,Noun,2
808,적응,Noun,2
809,온,Noun,2
810,어댑터,Noun,2
811,토스,Noun,2
812,스테이크,Noun,2
813,올해,Noun,2
814,옷,Noun,2
815,옷차림,Noun,2
816,젤,Noun,2
817,중간,Noun,2
818,완료,Noun,2
819,왓퍼드,Noun,2
820,담배,Noun,2
821,패딩,Noun,2
822,머리,Noun,2
823,플래티넘,Noun,2
824,중단,Noun,2
825,장식,Noun,2
826,콘서트,Noun,2
827,학생,Noun,2
828,당장,Noun,2
829,맘마미아,Noun,2
830,스트리트,Noun,2
831,요청,Noun,2
832,결과,Noun,2
833,용,Noun,2
834,사치,Noun,1
835,비교,Noun,1
836,살이,Noun,1
837,삼성,Noun,1
838,상,Noun,1
839,상태,Noun,1
840,상한,Noun,1
841,상활,Noun,1
842,인도,Noun,1
843,새,Noun,1
844,비건,Noun,1
845,블루투스,Noun,1
846,생년,Noun,1
847,블랙프라이데이,Noun,1
848,샤를르,Noun,1
849,서기,Noun,1
850,서나,Noun,1
851,블,Noun,1
852,브릿지,Noun,1
853,브리튼,Noun,1
854,입장료,Noun,1
855,자가진단,Noun,1
856,자꾸,Noun,1
857,브리스틀,Noun,1
858,자매,Noun,1
859,브리,Noun,1
860,자유로,Noun,1
861,작일,Noun,1
862,잘못,Noun,1
863,잘츠부르크,Noun,1
864,장,Noun,1
865,장애,Noun,1
866,장애인,Noun,1
867,재,Noun,1
868,재즈,Noun,1
869,뷰,Noun,1
870,불가능,Noun,1
871,저녁식사,Noun,1
872,전경,Noun,1
873,전기,Noun,1
874,전망,Noun,1
875,전반,Noun,1
876,전시,Noun,1
877,분해,Noun,1
878,전화,Noun,1
879,전화번호,Noun,1
880,절기,Noun,1
881,절차,Noun,1
882,점,Noun,1
883,점등,Noun,1
884,접근성,Noun,1
885,정가,Noun,1
886,분열,Noun,1
887,분실,Noun,1
888,정상,Noun,1
889,정상영,Noun,1
890,정상화,Noun,1
891,정액,Noun,1
892,제발,Noun,1
893,제외,Noun,1
894,조건,Noun,1
895,인상,Noun,1
896,조명도,Noun,1
897,조인,Noun,1
898,조회,Noun,1
899,북아일랜드,Noun,1
900,북,Noun,1
901,인생,Noun,1
902,부터,Noun,1
903,주년,Noun,1
904,주소,Noun,1
905,주스,Noun,1
906,주일,Noun,1
907,주재,Noun,1
908,주전,Noun,1
909,준비물,Noun,1
910,부족,Noun,1
911,중심,Noun,1
912,중심부,Noun,1
913,중인,Noun,1
914,중학생,Noun,1
915,즈,Modifier,1
916,즉위,Noun,1
917,증명서,Noun,1
918,지,Modifier,1
919,지속,Noun,1
920,지식,Noun,1
921,지출,Noun,1
922,지하,Noun,1
923,부근,Noun,1
924,직면,Noun,1
925,직접,Noun,1
926,진심,Noun,1
927,진입,Noun,1
928,부과,Noun,1
929,질의,Noun,1
930,봉헌,Noun,1
931,집들이,Noun,1
932,복숭아,Noun,1
933,찍,Noun,1
934,착용,Noun,1
935,찬,Noun,1
936,참사,Noun,1
937,참여,Noun,1
938,챔스,Noun,1
939,복수,Noun,1
940,처럼,Noun,1
941,보호,Noun,1
942,철도교,Noun,1
943,체감온도,Noun,1
944,보로,Noun,1
945,체인지,Noun,1
946,체코,Noun,1
947,체크아웃,Noun,1
948,병,Noun,1
949,초과,Noun,1
950,초보,Noun,1
951,총기,Noun,1
952,촬영,Noun,1
953,최고,Noun,1
954,최대,Noun,1
955,최애,Noun,1
956,최적,Noun,1
957,추가,Noun,1
958,추린,Noun,1
959,추모,Noun,1
960,변압기,Noun,1
961,벽,Noun,1
962,출근길,Noun,1
963,출근시간,Noun,1
964,출동,Noun,1
965,벨기에,Noun,1
966,출입,Noun,1
967,출장,Noun,1
968,충전기,Noun,1
969,인일,Noun,1
970,치,Noun,1
971,치기,Noun,1
972,베이스,Noun,1
973,친구,Noun,1
974,카나리,Noun,1
975,카나리아,Noun,1
976,카디,Noun,1
977,카디건,Noun,1
978,카디프,Noun,1
979,베르토,Noun,1
980,베니스,Noun,1
981,카페나,Noun,1
982,칵테일,Noun,1
983,칼,Noun,1
984,베네치아,Noun,1
985,캐슬,Noun,1
986,캔터베리,Noun,1
987,캠핑,Noun,1
988,번호,Noun,1
989,커넥트,Noun,1
990,커플,Noun,1
991,커피,Noun,1
992,커피집,Noun,1
993,컨셉,Noun,1
994,케닝턴역,Noun,1
995,케이블,Noun,1
996,케이팝,Noun,1
997,버터,Noun,1
998,코드,Noun,1
999,버밍엄,Noun,1
1000,코인,Noun,1
1001,코톨드,Noun,1
1002,코펜하겐,Noun,1
1003,버그,Noun,1
1004,콘월,Noun,1
1005,퀸즈,Noun,1
1006,크라스,Noun,1
1007,크리스,Noun,1
1008,클로티드,Noun,1
1009,클릭,Noun,1
1010,방역,Noun,1
1011,방식,Noun,1
1012,타나,Noun,1
1013,타액,Noun,1
1014,타임,Noun,1
1015,방금,Noun,1
1016,탈수,Noun,1
1017,밤샘,Noun,1
1018,태드공항,Noun,1
1019,태클,Noun,1
1020,택,Noun,1
1021,택스,Noun,1
1022,발도,Noun,1
1023,터치,Noun,1
1024,터키,Noun,1
1025,턱,Noun,1
1026,발권,Noun,1
1027,테라스,Noun,1
1028,테이블,Noun,1
1029,템스강,Noun,1
1030,토스트,Noun,1
1031,반드시,Noun,1
1032,반납,Noun,1
1033,통과,Noun,1
1034,통제,Noun,1
1035,통조림,Noun,1
1036,반나절,Noun,1
1037,투표,Noun,1
1038,반,Modifier,1
1039,밖,Noun,1
1040,트램,Noun,1
1041,트레,Noun,1
1042,박스,Noun,1
1043,트레킹,Noun,1
1044,바토,Noun,1
1045,바퀴,Noun,1
1046,서머셋,Noun,1
1047,석,Modifier,1
1048,석,Noun,1
1049,선물,Noun,1
1050,선생님,Noun,1
1051,성,Modifier,1
1052,성비,Noun,1
1053,세계대전,Noun,1
1054,세면,Noun,1
1055,밀월,Noun,1
1056,세시,Noun,1
1057,민스터,Noun,1
1058,미제,Noun,1
1059,션,Noun,1
1060,셰익스피어,Noun,1
1061,미셸,Noun,1
1062,소도시,Noun,1
1063,소등,Noun,1
1064,소리,Noun,1
1065,소식,Noun,1
1066,소프,Noun,1
1067,소화,Noun,1
1068,속도,Noun,1
1069,인천,Noun,1
1070,쇼티,Noun,1
1071,쇼핑몰,Noun,1
1072,수,Modifier,1
1073,수기,Noun,1
1074,수령,Noun,1
1075,수상,Noun,1
1076,수요일,Noun,1
1077,수정,Noun,1
1078,수화물,Noun,1
1079,숙박,Noun,1
1080,미레이,Noun,1
1081,순위,Noun,1
1082,술,Noun,1
1083,미니,Noun,1
1084,스냅,Noun,1
1085,스웨,Noun,1
1086,인터넷,Noun,1
1087,스캔,Noun,1
1088,스케이트장,Noun,1
1089,뭔,Modifier,1
1090,스탠더드,Noun,1
1091,스탠딩,Noun,1
1092,스테이,Noun,1
1093,스템,Noun,1
1094,스토,Noun,1
1095,스튜,Noun,1
1096,물가,Noun,1
1097,스트랜드,Noun,1
1098,스파,Noun,1
1099,인형,Noun,1
1100,승리,Noun,1
1101,문자,Noun,1
1102,문고,Noun,1
1103,시간제,Noun,1
1104,시계,Noun,1
1105,시기,Noun,1
1106,묵,Noun,1
1107,시대,Noun,1
1108,시비,Noun,1
1109,시설,Noun,1
1110,무조건,Noun,1
1111,시인,Noun,1
1112,시장,Noun,1
1113,무제,Noun,1
1114,무적,Noun,1
1115,시티투어,Noun,1
1116,식,Noun,1
1117,신,Modifier,1
1118,신,Noun,1
1119,신고,Noun,1
1120,신년,Noun,1
1121,신청,Noun,1
1122,신혼여행,Noun,1
1123,실내,Noun,1
1124,실수,Noun,1
1125,무얼,Noun,1
1126,실화,Noun,1
1127,심야,Noun,1
1128,싸움,Noun,1
1129,씩,Noun,1
1130,아동,Noun,1
1131,아들,Noun,1
1132,아랍인,Noun,1
1133,무리,Noun,1
1134,아레나,Noun,1
1135,아르셀로미탈,Noun,1
1136,아무,Modifier,1
1137,몽샐,Noun,1
1138,아시아나,Noun,1
1139,아예,Noun,1
1140,몰타,Noun,1
1141,아이브,Noun,1
1142,아이언,Noun,1
1143,아일랜드,Noun,1
1144,목적지,Noun,1
1145,아침밥,Noun,1
1146,아침식사,Noun,1
1147,아폴로,Noun,1
1148,악기,Noun,1
1149,목욕탕,Noun,1
1150,안개,Noun,1
1151,목요일,Noun,1
1152,가이즈,Noun,1
1153,목,Noun,1
1154,모양,Noun,1
1155,애플스토어,Noun,1
1156,액,Noun,1
1157,액정,Noun,1
1158,모바일,Noun,1
1159,앨리,Noun,1
1160,앨버트,Noun,1
1161,약,Noun,1
1162,양산,Noun,1
1163,어,Noun,1
1164,어니스트,Noun,1
1165,어떻,Modifier,1
1166,어스,Noun,1
1167,어제,Noun,1
1168,언,Modifier,1
1169,메트로폴리탄,Noun,1
1170,메트로,Noun,1
1171,메종,Noun,1
1172,얼음,Noun,1
1173,엄마,Noun,1
1174,업,Noun,1
1175,에덴,Noun,1
1176,에러,Noun,1
1177,메뉴,Noun,1
1178,귀가,Noun,1
1179,메가스토어,Noun,1
1180,멍,Noun,1
1181,규제,Noun,1
1182,그날,Noun,1
1183,그때,Noun,1
1184,그땐,Noun,1
1185,그런,Modifier,1
1186,그리니치천문대,Noun,1
1187,그릴,Noun,1
1188,그림,Noun,1
1189,멀리,Noun,1
1190,먼지,Noun,1
1191,근위대,Noun,1
1192,먼저,Noun,1
1193,글래스고,Noun,1
1194,글로브,Noun,1
1195,급구,Noun,1
1196,기,Modifier,1
1197,기념,Noun,1
1198,머,Noun,1
1199,기술,Noun,1
1200,맵피,Noun,1
1201,기차역,Noun,1
1202,기차표,Noun,1
1203,기초,Noun,1
1204,긴급,Noun,1
1205,길거리,Noun,1
1206,길이,Noun,1
1207,김,Noun,1
1208,꽃가루,Noun,1
1209,꿀팁,Noun,1
1210,끼니,Noun,1
1211,나가요,Noun,1
1212,나나,Noun,1
1213,맨유,Noun,1
1214,맨시티,Noun,1
1215,일도,Noun,1
1216,남,Noun,1
1217,남편,Noun,1
1218,납작,Noun,1
1219,일로,Noun,1
1220,맥도날드,Noun,1
1221,매진,Noun,1
1222,내야,Noun,1
1223,내용,Noun,1
1224,매직,Noun,1
1225,네덜란드,Noun,1
1226,네셔널,Noun,1
1227,가이드북,Noun,1
1228,노선,Noun,1
1229,노선도,Noun,1
1230,노스,Noun,1
1231,노트북,Noun,1
1232,노팅힐,Noun,1
1233,놀이기구,Noun,1
1234,누나,Noun,1
1235,뉴,Noun,1
1236,니,Modifier,1
1237,다른,Modifier,1
1238,다시,Noun,1
1239,다운로드,Noun,1
1240,다윈,Noun,1
1241,닫햤나,Noun,1
1242,매,Noun,1
1243,달라,Noun,1
1244,달이,Noun,1
1245,담,Noun,1
1246,답글,Noun,1
1247,답변,Noun,1
1248,당,Modifier,1
1249,매,Modifier,1
1250,맛짐,Noun,1
1251,대강,Noun,1
1252,대략,Noun,1
1253,대로,Noun,1
1254,대비,Noun,1
1255,맘,Noun,1
1256,대용,Noun,1
1257,만약,Noun,1
1258,대체,Noun,1
1259,대한항공,Noun,1
1260,만료,Noun,1
1261,대형,Noun,1
1262,막차,Noun,1
1263,덕후,Noun,1
1264,던전,Noun,1
1265,막무가내,Noun,1
1266,데리,Noun,1
1267,도구,Noun,1
1268,도니,Noun,1
1269,도박,Noun,1
1270,도서관,Noun,1
1271,도슨,Noun,1
1272,도심지,Noun,1
1273,마치,Noun,1
1274,도장,Noun,1
1275,마이크,Noun,1
1276,동물원,Noun,1
1277,마스터,Noun,1
1278,동시,Noun,1
1279,마드리드,Noun,1
1280,둘이서,Noun,1
1281,드라이기,Noun,1
1282,마거릿,Noun,1
1283,등등,Noun,1
1284,등산,Noun,1
1285,딸,Noun,1
1286,땐,Noun,1
1287,또,Noun,1
1288,마,Noun,1
1289,라이언,Noun,1
1290,라이프,Noun,1
1291,린턴,Noun,1
1292,라임,Noun,1
1293,랍스터,Noun,1
1294,래빗,Noun,1
1295,램버스,Noun,1
1296,램지,Noun,1
1297,러,Noun,1
1298,러그,Noun,1
1299,러너,Noun,1
1300,러닝,Noun,1
1301,러셀,Noun,1
1302,러시아워,Noun,1
1303,특파원,Noun,1
1304,리젠트,Noun,1
1305,티켓마스터,Noun,1
1306,티파니,Noun,1
1307,리안,Noun,1
1308,팅,Noun,1
1309,파니,Noun,1
1310,리심,Noun,1
1311,리버,Noun,1
1312,파이,Noun,1
1313,파이브,Noun,1
1314,파일,Noun,1
1315,르네상스,Noun,1
1316,판매,Noun,1
1317,르,Noun,1
1318,팝송,Noun,1
1319,팝업,Noun,1
1320,루벤스,Noun,1
1321,패키지,Noun,1
1322,팬텀,Noun,1
1323,팰리스,Noun,1
1324,퍼트,Noun,1
1325,펀드,Noun,1
1326,롱패딩,Noun,1
1327,로커,Noun,1
1328,페닝턴,Noun,1
1329,페리,Noun,1
1330,로열,Noun,1
1331,페팅,Noun,1
1332,펜,Noun,1
1333,포장,Noun,1
1334,레플,Noun,1
1335,레든홀,Noun,1
1336,폰,Noun,1
1337,폳터,Noun,1
1338,폴,Noun,1
1339,폴라,Noun,1
1340,표현,Noun,1
1341,푼,Noun,1
1342,레,Noun,1
1343,일분,Noun,1
1344,궁금증,Noun,1
1345,프로그램,Noun,1
1346,플,Noun,1
1347,플라이,Noun,1
1348,플랫,Noun,1
1349,궁금,Noun,1
1350,플러스,Noun,1
1351,플리,Noun,1
1352,피아노,Noun,1
1353,피카,Noun,1
1354,궁,Noun,1
1355,피터,Noun,1
1356,핀,Noun,1
1357,핀즈버리,Noun,1
1358,굿,Noun,1
1359,굳이,Noun,1
1360,하나로,Noun,1
1361,국적,Noun,1
1362,하나은행,Noun,1
1363,하나카드,Noun,1
1364,하늘,Noun,1
1365,국장,Noun,1
1366,하이랜드,Noun,1
1367,학년,Noun,1
1368,국민,Noun,1
1369,한가지,Noun,1
1370,한국인,Noun,1
1371,한두,Modifier,1
1372,한식당,Noun,1
1373,국기,Noun,1
1374,핫스폿,Noun,1
1375,항공권,Noun,1
1376,구해,Noun,1
1377,해롯티룸이,Noun,1
1378,구역,Noun,1
1379,구분,Noun,1
1380,해린,Noun,1
1381,해머스미스,Noun,1
1382,해외여행,Noun,1
1383,해지,Noun,1
1384,핸드폰,Noun,1
1385,핼러윈,Noun,1
1386,행,Noun,1
1387,행사,Noun,1
1388,험담,Noun,1
1389,헤드셋,Noun,1
1390,구글맵,Noun,1
1391,헤어,Noun,1
1392,헬스장,Noun,1
1393,현,Modifier,1
1394,현생,Noun,1
1395,혜택,Noun,1
1396,호두까기,Noun,1
1397,교통체증,Noun,1
1398,교통량,Noun,1
1399,혼란,Noun,1
1400,혼밥,Noun,1
1401,교보,Noun,1
1402,홈스,Noun,1
1403,홋스퍼,Noun,1
1404,홍차,Noun,1
1405,화,Noun,1
1406,화요일,Noun,1
1407,화이트,Noun,1
1408,화이트채플,Noun,1
1409,확진,Noun,1
1410,활용,Noun,1
1411,황희,Noun,1
1412,회수,Noun,1
1413,효,Noun,1
1414,관광버스,Noun,1
1415,후통,Noun,1
1416,훅,Noun,1
1417,훗스퍼,Noun,1
1418,휴업,Noun,1
1419,휴일,Noun,1
1420,흝,Noun,1
1421,힐튼,Noun,1
1422,에스컬레이터,Noun,1
1423,에어비앤비,Noun,1
1424,에이버리,Noun,1
1425,공휴일,Noun,1
1426,여,Noun,1
1427,공중화장실,Noun,1
1428,여러,Noun,1
1429,여러분,Noun,1
1430,여름,Noun,1
1431,여성,Noun,1
1432,공중전화,Noun,1
1433,여자아이,Noun,1
1434,공연장,Noun,1
1435,가브,Noun,1
1436,공공시설,Noun,1
1437,연주회,Noun,1
1438,열흘,Noun,1
1439,공,Noun,1
1440,영,Noun,1
1441,골든,Noun,1
1442,영국인,Noun,1
1443,영시기,Noun,1
1444,옆,Noun,1
1445,골드,Noun,1
1446,예상,Noun,1
1447,골,Noun,1
1448,곧바로,Noun,1
1449,고든,Noun,1
1450,오랜,Modifier,1
1451,오버그라운드,Noun,1
1452,오브,Noun,1
1453,오시,Noun,1
1454,오웰,Noun,1
1455,오이,Noun,1
1456,계세,Noun,1
1457,오케스트라,Noun,1
1458,오프,Noun,1
1459,경제,Noun,1
1460,경유,Noun,1
1461,온도,Noun,1
1462,경로,Noun,1
1463,올리브영,Noun,1
1464,와이파이,Noun,1
1465,와프,Noun,1
1466,왓포드,Noun,1
1467,경량,Noun,1
1468,외곽,Noun,1
1469,경,Modifier,1
1470,겸용,Noun,1
1471,요만,Modifier,1
1472,요일,Noun,1
1473,요즈음,Noun,1
1474,결정,Noun,1
1475,용이,Noun,1
1476,우리나라,Noun,1
1477,격리,Noun,1
1478,운영,Noun,1
1479,운하,Noun,1
1480,게임,Noun,1
1481,울,Noun,1
1482,울버햄튼,Noun,1
1483,움,Noun,1
1484,워,Noun,1
1485,워너브라더스,Noun,1
1486,워더,Noun,1
1487,워치,Noun,1
1488,워터,Noun,1
1489,워프,Noun,1
1490,워홀,Noun,1
1491,게이트,Noun,1
1492,게시,Noun,1
1493,월랫,Noun,1
1494,검진,Noun,1
1495,걷기,Noun,1
1496,월화,Noun,1
1497,웨벌리역,Noun,1
1498,웨스트,Noun,1
1499,웨스트브롬,Noun,1
1500,웨일스,Noun,1
1501,웸블리스타디움,Noun,1
1502,위기,Noun,1
1503,위스키,Noun,1
1504,위주,Noun,1
1505,거기,Noun,1
1506,위해,Noun,1
1507,갸,Noun,1
1508,윈즈,Noun,1
1509,객관,Noun,1
1510,윔블던,Noun,1
1511,유니언,Noun,1
1512,유니클로,Noun,1
1513,개월,Noun,1
1514,개국,Noun,1
1515,유명,Noun,1
1516,유모차,Noun,1
1517,유무,Noun,1
1518,유아,Noun,1
1519,유학생,Noun,1
1520,유해,Noun,1
1521,음식물,Noun,1
1522,감상,Noun,1
1523,음악,Noun,1
1524,의미,Noun,1
1525,의상,Noun,1
1526,감기,Noun,1
1527,이건,Noun,1
1528,간다,Noun,1
1529,이득,Noun,1
1530,이메일,Noun,1
1531,이면,Noun,1
1532,이상,Noun,1
1533,이세,Noun,1
1534,이슈,Noun,1
1535,이스트,Noun,1
1536,이슬,Noun,1
1537,이외,Noun,1
1538,각하,Noun,1
1539,각각으로,Noun,1
1540,비지터,Noun,1
1541,빗,Noun,1
1542,빠,Noun,1
1543,빡빡,Noun,1
1544,빡세,Noun,1
1545,빡센가,Noun,1
1546,사고,Noun,1
1547,사나,Noun,1
1548,비옷,Noun,1
1549,사드,Noun,1
1550,사면,Noun,1
1551,비올,Noun,1
1552,사우나,Noun,1
1553,사우스,Noun,1
1554,비스트,Noun,1
1555,사이드,Noun,1
1556,사진촬영,Noun,1