p_wordcnt.no,p_wordcnt.content,p_wordcnt.mor,p_wordcnt.cnt
1,패스,Noun,772
2,질문,Noun,728
3,나비고,Noun,642
4,공항,Noun,578
5,뮤,Noun,572
6,지엄,Noun,572
7,루브르,Noun,551
8,요,Noun,516
9,시내,Noun,492
10,디즈니랜드,Noun,484
11,에펠탑,Noun,483
12,문의,Noun,433
13,드골,Noun,421
14,시,Noun,414
15,교통,Noun,403
16,분,Noun,388
17,베르사유,Noun,385
18,프랑스,Noun,384
19,추천,Noun,384
20,관련,Noun,350
21,샤를,Noun,350
22,박물관,Noun,338
23,주리,Noun,312
24,오랑,Noun,312
25,예약,Noun,311
26,시간,Noun,303
27,곳,Noun,285
28,무슈,Noun,256
29,수,Noun,252
30,입장,Noun,248
31,여행,Noun,240
32,일정,Noun,239
33,때,Noun,238
34,월,Noun,230
35,지하철,Noun,228
36,투어,Noun,212
37,도착,Noun,210
38,이동,Noun,208
39,택시,Noun,206
40,몽생미셸,Noun,204
41,날씨,Noun,193
42,버스,Noun,176
43,하나요,Noun,172
44,바토,Noun,172
45,일요일,Noun,163
46,일,Noun,162
47,내일,Noun,155
48,미술관,Noun,154
49,런던,Noun,150
50,카르,Noun,149
51,게,Noun,145
52,역,Noun,144
53,도움,Noun,144
54,북역,Noun,135
55,가요,Noun,134
56,지금,Noun,131
57,요청,Noun,125
58,밤,Noun,122
59,근처,Noun,120
60,입국,Noun,119
61,뭐,Noun,114
62,궁전,Noun,111
63,저녁,Noun,108
64,새벽,Noun,107
65,티켓,Noun,107
66,혼자,Noun,105
67,스위스,Noun,103
68,오페라,Noun,101
69,구입,Noun,100
70,어떤,Modifier,100
71,맛집,Noun,97
72,치안,Noun,96
73,하루,Noun,94
74,코로나,Noun,93
75,구매,Noun,93
76,개선문,Noun,93
77,오늘,Noun,93
78,및,Noun,92
79,법,Noun,91
80,짐,Noun,90
81,안,Noun,90
82,정도,Noun,89
83,거,Noun,88
84,캐리어,Noun,87
85,우버,Noun,87
86,당일,Noun,87
87,이용,Noun,86
88,아침,Noun,85
89,경유,Noun,85
90,보관,Noun,84
91,근교,Noun,82
92,만,Noun,81
93,운행,Noun,80
94,정보,Noun,79
95,관광지,Noun,78
96,여자,Noun,76
97,검사,Noun,76
98,숙소,Noun,75
99,수단,Noun,75
100,기차,Noun,73
101,비행기,Noun,72
102,관광,Noun,71
103,파,Noun,70
104,한국,Noun,70
105,구경,Noun,70
106,줄,Noun,69
107,일찍,Noun,68
108,목,Noun,68
109,사전예약,Noun,68
110,중,Noun,67
111,점,Noun,67
112,경우,Noun,66
113,시작,Noun,66
114,여권,Noun,65
115,유니폼,Noun,65
116,입국심사,Noun,65
117,얼마,Noun,65
118,니,Noun,64
119,증명사진,Noun,64
120,길,Noun,64
121,공항버스,Noun,64
122,저,Noun,63
123,어벤저스,Noun,62
124,와이,Modifier,62
125,캠퍼스,Noun,62
126,너리,Noun,62
127,서서,Noun,61
128,두바이,Noun,60
129,메시,Noun,60
130,머그,Noun,60
131,샤틀레역,Noun,60
132,에어비앤비,Noun,60
133,순서,Noun,60
134,개입,Noun,60
135,무작정,Noun,60
136,릴리,Noun,60
137,프,Noun,60
138,코냑,Noun,60
139,근,Modifier,60
140,샌드위치,Noun,60
141,첼시,Noun,60
142,처역,Noun,60
143,좀,Noun,57
144,아시,Noun,54
145,고민,Noun,47
146,사용,Noun,47
147,몇,Noun,46
148,일,Modifier,46
149,크리스마스,Noun,46
150,방법,Noun,45
151,루미,Noun,44
152,디즈니,Noun,44
153,네이션,Noun,43
154,박,Noun,42
155,주,Noun,42
156,편,Noun,42
157,구,Noun,41
158,대중교통,Noun,41
159,백신,Noun,41
160,어디,Noun,40
161,카드,Noun,39
162,혹시,Noun,39
163,비,Noun,39
164,보신,Noun,38
165,건가,Noun,38
166,무료,Noun,38
167,말,Noun,36
168,꼭,Noun,36
169,식당,Noun,36
170,날,Noun,34
171,발레,Noun,32
172,예정,Noun,31
173,것,Noun,31
174,파업,Noun,31
175,레스토랑,Noun,31
176,조언,Noun,30
177,로마,Noun,30
178,서류,Noun,30
179,입장권,Noun,30
180,요즘,Noun,29
181,리옹,Noun,29
182,환승,Noun,29
183,시,Modifier,29
184,후,Noun,29
185,가야,Noun,29
186,살,Noun,27
187,오후,Noun,27
188,에펠,Noun,27
189,가면,Noun,26
190,교통카드,Noun,26
191,이,Noun,26
192,차,Noun,25
193,뭘,Noun,25
194,호텔,Noun,25
195,미슐랭,Noun,25
196,현재,Noun,24
197,동,Modifier,24
198,타고,Noun,24
199,드,Noun,24
200,공연,Noun,24
201,다음,Noun,23
202,월초,Noun,23
203,초,Noun,22
204,인권,Noun,22
205,현지,Noun,22
206,출국,Noun,22
207,더,Noun,21
208,아이,Noun,21
209,볼,Noun,21
210,사람,Noun,21
211,주말,Noun,21
212,고수,Noun,20
213,쯤,Noun,20
214,맛,Noun,20
215,중순,Noun,20
216,상황,Noun,20
217,타,Modifier,20
218,기간,Noun,20
219,장소,Noun,19
220,쪽,Noun,19
221,집,Noun,19
222,최근,Noun,19
223,번,Noun,19
224,이탈리아,Noun,19
225,일주일,Noun,19
226,생제르맹,Noun,19
227,언제,Noun,18
228,스페인,Noun,18
229,거리,Noun,18
230,오전,Noun,18
231,관람,Noun,18
232,나비,Noun,18
233,지베르,Noun,18
234,카페,Noun,18
235,항원,Noun,17
236,결과,Noun,17
237,가이드,Noun,17
238,월말,Noun,17
239,분위기,Noun,17
240,가능,Noun,16
241,필수,Noun,16
242,탈,Noun,16
243,바,Noun,16
244,얼마나,Noun,16
245,바르셀로나,Noun,16
246,미리,Noun,16
247,볼트,Noun,16
248,보고,Noun,16
249,트랙,Noun,16
250,티젠,Noun,16
251,등,Noun,16
252,세,Noun,16
253,어디가,Noun,16
254,운영,Noun,15
255,영국,Noun,15
256,명,Noun,15
257,방문,Noun,15
258,당일치기,Noun,15
259,해도,Noun,15
260,니스,Noun,15
261,탑승,Noun,15
262,대해,Noun,15
263,공원,Noun,14
264,날짜,Noun,14
265,현장,Noun,14
266,전,Noun,14
267,몽마르트르,Noun,14
268,자전거,Noun,14
269,데,Noun,14
270,야경,Noun,14
271,두,Noun,14
272,첫째,Noun,14
273,쇼,Noun,14
274,약국,Noun,14
275,확인,Noun,14
276,여기,Noun,14
277,주변,Noun,13
278,학생증,Noun,13
279,인천,Noun,13
280,셔틀,Noun,13
281,패스트,Noun,13
282,예매,Noun,13
283,개,Noun,13
284,정원,Noun,13
285,존,Noun,13
286,마켓,Noun,13
287,여부,Noun,12
288,토요일,Noun,12
289,토,Noun,12
290,경기,Noun,12
291,코스,Noun,12
292,결제,Noun,12
293,걸,Noun,12
294,요금,Noun,12
295,신속,Noun,12
296,생,Noun,12
297,호선,Noun,12
298,이면,Noun,12
299,포함,Noun,12
300,축구,Noun,12
301,준비,Noun,12
302,접종,Noun,12
303,제,Noun,12
304,야간,Noun,11
305,기념일,Noun,11
306,필요,Noun,11
307,루카,Noun,11
308,가지,Noun,11
309,표,Noun,11
310,벨리브,Noun,11
311,마지막,Noun,11
312,불꽃놀이,Noun,11
313,못,Noun,11
314,위치,Noun,11
315,가격,Noun,11
316,가도,Noun,11
317,차이,Noun,11
318,충전,Noun,11
319,골,Noun,11
320,혁명,Noun,11
321,년,Noun,11
322,트,Noun,11
323,펍,Noun,11
324,크루즈,Noun,10
325,평일,Noun,10
326,파리지앵,Noun,10
327,전망대,Noun,10
328,벚꽃,Noun,10
329,진짜,Noun,10
330,재즈,Noun,10
331,파크,Noun,10
332,무슨,Noun,10
333,격리,Noun,10
334,구역,Noun,10
335,시즌,Noun,10
336,샤펠,Noun,10
337,금,Noun,10
338,첫,Noun,10
339,출발,Noun,10
340,이번,Noun,10
341,하나,Noun,10
342,한인,Noun,10
343,스타,Noun,10
344,피렌체,Noun,10
345,유람선,Noun,10
346,미셸,Noun,10
347,장,Noun,10
348,금요일,Noun,10
349,건,Noun,10
350,클럽,Noun,10
351,정찰,Noun,9
352,몽,Noun,9
353,포르투,Noun,9
354,국제,Noun,9
355,도시,Noun,9
356,생트,Noun,9
357,샤르,Noun,9
358,다른,Noun,9
359,해,Noun,9
360,마마,Noun,9
361,샤를르,Noun,9
362,간다,Noun,9
363,마레,Noun,9
364,센강,Noun,9
365,물랭루주,Noun,9
366,리스,Noun,9
367,빅,Noun,9
368,어플,Noun,9
369,핑크,Noun,9
370,프라하,Noun,9
371,소,Noun,9
372,뷰,Noun,9
373,화이트,Noun,9
374,제일,Noun,8
375,새해,Noun,8
376,사진,Noun,8
377,모빌,Noun,8
378,브뤼셀,Noun,8
379,유럽,Noun,8
380,유로,Noun,8
381,시반,Noun,8
382,회,Noun,8
383,유로스타,Noun,8
384,식사,Noun,8
385,알,Noun,8
386,암스테르담,Noun,8
387,행사,Noun,8
388,르,Noun,8
389,이유,Noun,8
390,이지,Noun,8
391,일몰,Noun,8
392,포르투갈,Noun,8
393,기준,Noun,8
394,가기,Noun,8
395,나,Noun,8
396,취소,Noun,8
397,고로,Noun,8
398,독일,Noun,8
399,처음,Noun,8
400,동안,Noun,8
401,둘,Noun,8
402,겨울,Noun,8
403,지하철역,Noun,8
404,라임,Noun,8
405,지구,Noun,8
406,영업,Noun,8
407,공홈,Noun,8
408,터키,Noun,8
409,변경,Noun,8
410,계획,Noun,8
411,성당,Noun,8
412,메트로,Noun,8
413,월렛,Noun,7
414,연말,Noun,7
415,디너,Noun,7
416,시간대,Noun,7
417,때문,Noun,7
418,또,Noun,7
419,팁,Noun,7
420,광장,Noun,7
421,별로,Noun,7
422,발급,Noun,7
423,베를린,Noun,7
424,대기,Noun,7
425,증명서,Noun,7
426,문,Noun,7
427,참견,Noun,7
428,막차,Noun,7
429,노트르담,Noun,7
430,군데,Noun,7
431,명소,Noun,7
432,이후,Noun,7
433,언덕,Noun,7
434,신혼여행,Noun,7
435,퐁피두,Noun,7
436,서비스,Noun,7
437,벼룩시장,Noun,7
438,월요일,Noun,7
439,아웃렛,Noun,7
440,뭔가,Noun,7
441,환불,Noun,7
442,센터,Noun,7
443,뤽상부르,Noun,7
444,등록,Noun,7
445,스트라스부르,Noun,7
446,와인,Noun,7
447,재,Noun,7
448,이름,Noun,7
449,판매,Noun,7
450,첫날,Noun,7
451,앞,Noun,7
452,리,Noun,6
453,완료,Noun,6
454,내,Noun,6
455,헝가리,Noun,6
456,발권,Noun,6
457,규정,Noun,6
458,경로,Noun,6
459,리도,Noun,6
460,보배,Noun,6
461,실물,Noun,6
462,부다페스트,Noun,6
463,방부,Noun,6
464,옷차림,Noun,6
465,공사,Noun,6
466,음성,Noun,6
467,튈르리,Noun,6
468,빵집,Noun,6
469,국가,Noun,6
470,무조건,Noun,6
471,숍,Noun,6
472,무엇,Noun,6
473,확진,Noun,6
474,번만,Noun,6
475,후회,Noun,6
476,불가,Noun,6
477,수요일,Noun,6
478,지,Modifier,6
479,마트,Noun,6
480,위,Noun,6
481,선택,Noun,6
482,비용,Noun,6
483,걱정,Noun,6
484,어딘가,Noun,6
485,제발,Noun,6
486,바셀,Noun,6
487,까르네,Noun,6
488,패션위크,Noun,6
489,공유,Noun,6
490,할인,Noun,6
491,왜,Noun,6
492,홈페이지,Noun,5
493,가방,Noun,5
494,가장,Noun,5
495,갈수,Noun,5
496,공휴일,Noun,5
497,구글맵,Noun,5
498,그냥,Noun,5
499,로,Noun,5
500,루트,Noun,5
501,마드리드,Noun,5
502,마르스,Noun,5
503,목요일,Noun,5
504,몽생,Noun,5
505,몽파르,Noun,5
506,미쉘,Noun,5
507,미접,Noun,5
508,밀라노,Noun,5
509,벨기에,Noun,5
510,젠트,Noun,5
511,주간,Noun,5
512,주로,Noun,5
513,중간,Noun,5
514,처,Noun,5
515,체크,Noun,5
516,추가,Noun,5
517,파티,Noun,5
518,픽업,Noun,5
519,항공,Noun,5
520,핼러윈,Noun,5
521,현대,Noun,5
522,비지,Noun,5
523,사면,Noun,5
524,선,Noun,5
525,스,Noun,5
526,시기,Noun,5
527,시립,Noun,5
528,약,Modifier,5
529,어딘,Noun,5
530,어린이,Noun,5
531,끌,Noun,5
532,나스,Noun,5
533,낮,Noun,5
534,노선,Noun,5
535,다시,Noun,5
536,달,Noun,5
537,뒤,Noun,5
538,등등,Noun,5
539,레이,Noun,5
540,려고,Noun,5
541,터미널,Noun,5
542,통제,Noun,5
543,예,Modifier,5
544,예보,Noun,5
545,오류,Noun,5
546,오버,Noun,5
547,온라인,Noun,5
548,왕복,Noun,5
549,외,Noun,5
550,요리,Noun,5
551,요일,Noun,5
552,원,Noun,5
553,유,Noun,5
554,유명,Noun,5
555,이태리,Noun,5
556,화요일,Noun,4
557,바스티유,Noun,4
558,전부,Noun,4
559,마스크,Noun,4
560,가든,Noun,4
561,욥,Noun,4
562,용,Noun,4
563,용법,Noun,4
564,뮤지컬,Noun,4
565,첫,Modifier,4
566,타도,Noun,4
567,개화,Noun,4
568,며칠,Noun,4
569,앱,Noun,4
570,신청,Noun,4
571,원래,Noun,4
572,남부,Noun,4
573,개장,Noun,4
574,신행,Noun,4
575,개월,Noun,4
576,생각,Noun,4
577,친구,Noun,4
578,위켄드,Noun,4
579,내내,Noun,4
580,내년,Noun,4
581,그룹,Noun,4
582,몽주,Noun,4
583,탑승권,Noun,4
584,음악,Noun,4
585,랜드,Noun,4
586,축제,Noun,4
587,중학생,Noun,4
588,강,Noun,4
589,계속,Noun,4
590,한다는,Modifier,4
591,일반,Noun,4
592,풀,Noun,4
593,경험,Noun,4
594,씨,Noun,4
595,카운트다운,Noun,4
596,샷,Noun,4
597,가족,Noun,4
598,가게,Noun,4
599,이틀,Noun,4
600,귀국,Noun,4
601,일일,Noun,4
602,인,Noun,4
603,부탁,Noun,4
604,입장료,Noun,4
605,자가,Noun,4
606,경기장,Noun,4
607,영문,Noun,4
608,사나,Noun,4
609,모든,Noun,4
610,답변,Noun,4
611,해결,Noun,4
612,자유,Noun,4
613,보건,Noun,4
614,아웃,Noun,4
615,물가,Noun,4
616,바르샤바,Noun,4
617,트래블,Noun,4
618,사서,Noun,4
619,오디오,Noun,4
620,대요,Noun,4
621,종자,Noun,4
622,모두,Noun,4
623,행,Noun,4
624,물,Noun,4
625,데이,Noun,4
626,제대로,Noun,4
627,션,Noun,4
628,도,Noun,4
629,트렁크,Noun,4
630,사이,Noun,4
631,보통,Noun,4
632,트레블,Noun,4
633,사이트,Noun,4
634,소요,Noun,4
635,소지,Noun,4
636,모네,Noun,4
637,손해,Noun,4
638,긴급,Noun,4
639,동행,Noun,4
640,구합,Noun,4
641,정말,Noun,4
642,인원,Noun,4
643,올림픽,Noun,4
644,수령,Noun,4
645,패키지,Noun,4
646,문제,Noun,4
647,구,Modifier,4
648,만원,Noun,4
649,바이오,Noun,4
650,완치,Noun,4
651,홈,Noun,4
652,비건,Noun,4
653,라데팡스,Noun,4
654,초등,Noun,4
655,라라,Noun,4
656,샹티이,Noun,3
657,점심,Noun,3
658,카타콤,Noun,3
659,가치,Noun,3
660,경찰,Noun,3
661,디저트,Noun,3
662,살수,Noun,3
663,소매치기,Noun,3
664,프라이,Noun,3
665,아무,Noun,3
666,도하,Noun,3
667,소식,Noun,3
668,복숭아,Noun,3
669,부활절,Noun,3
670,리젠시,Noun,3
671,통합,Noun,3
672,어트랙션,Noun,3
673,파르크,Noun,3
674,귀가,Noun,3
675,부스터,Noun,3
676,고흐,Noun,3
677,출력,Noun,3
678,머,Noun,3
679,주의,Noun,3
680,오픈,Noun,3
681,보,Noun,3
682,급,Noun,3
683,동선,Noun,3
684,휴가,Noun,3
685,리무진,Noun,3
686,자마자,Noun,3
687,마을,Noun,3
688,클리,Noun,3
689,교환학생,Noun,3
690,시장,Noun,3
691,출장,Noun,3
692,쇼오,Noun,3
693,휴무,Noun,3
694,교환,Noun,3
695,작성,Noun,3
696,기,Noun,3
697,인티,Noun,3
698,꿀팁,Noun,3
699,번호,Noun,3
700,초등학생,Noun,3
701,금지,Noun,3
702,마감,Noun,3
703,반,Noun,3
704,분수,Noun,3
705,요새,Noun,3
706,층,Noun,3
707,거주,Noun,3
708,상태,Noun,3
709,대략,Noun,3
710,겹,Noun,3
711,런치,Noun,3
712,에르,Noun,3
713,관해,Noun,3
714,무리,Noun,3
715,면,Noun,3
716,에코,Noun,3
717,일만,Noun,3
718,스튜디오,Noun,3
719,순간,Noun,3
720,중심,Noun,3
721,대성당,Noun,3
722,워킹,Noun,3
723,결정,Noun,3
724,장애,Noun,3
725,베,Noun,3
726,별도,Noun,3
727,무제한,Noun,3
728,남,Noun,3
729,아이슬란드,Noun,3
730,궁금증,Noun,3
731,지역,Noun,3
732,대한,Noun,3
733,지베르니,Noun,3
734,대한항공,Noun,3
735,개시,Noun,3
736,납작,Noun,3
737,로만,Noun,3
738,스폿,Noun,3
739,해지,Noun,3
740,위험,Noun,3
741,일간,Noun,3
742,하얏트,Noun,3
743,기념품,Noun,3
744,궁,Noun,3
745,내부,Noun,3
746,실내,Noun,3
747,수도,Noun,3
748,엘리베이터,Noun,3
749,케이크,Noun,3
750,밖,Noun,3
751,메종,Noun,3
752,넘버,Noun,3
753,네,Noun,3
754,생투,Noun,3
755,전철,Noun,3
756,유효,Noun,3
757,은,Noun,3
758,관,Noun,3
759,오베르,Noun,3
760,음식,Noun,3
761,고가,Noun,3
762,화,Noun,3
763,어니언,Noun,3
764,청소년,Noun,3
765,올해,Noun,3
766,물품,Noun,3
767,인생,Noun,3
768,메르,Noun,3
769,지나,Noun,3
770,여름,Noun,3
771,블릭스,Noun,3
772,베니스,Noun,3
773,옷,Noun,3
774,이동해,Noun,3
775,조건,Noun,3
776,곧,Noun,3
777,시위,Noun,3
778,트램,Noun,3
779,지정,Noun,3
780,여행지,Noun,3
781,젠,Noun,3
782,이비,Noun,3
783,안시,Noun,3
784,한번,Noun,3
785,바리,Noun,3
786,놀이기구,Noun,3
787,카운트,Noun,3
788,창구,Noun,3
789,시인,Noun,3
790,일기예보,Noun,3
791,각각,Noun,3
792,함,Noun,3
793,수프,Noun,3
794,핫,Noun,3
795,샹젤리제,Noun,3
796,라이언킹,Noun,2
797,스케줄,Noun,2
798,라파예트,Noun,2
799,편의점,Noun,2
800,확,Noun,2
801,스테이크,Noun,2
802,스토어,Noun,2
803,레고,Noun,2
804,레드,Noun,2
805,만,Modifier,2
806,편이,Noun,2
807,가신,Noun,2
808,레종,Noun,2
809,승강장,Noun,2
810,승차,Noun,2
811,환전,Noun,2
812,지방,Noun,2
813,포기,Noun,2
814,관할,Noun,2
815,관심,Noun,2
816,바로,Noun,2
817,시간표,Noun,2
818,시경,Noun,2
819,체류,Noun,2
820,콘택트,Noun,2
821,시내버스,Noun,2
822,콜마르,Noun,2
823,체코,Noun,2
824,콩,Noun,2
825,효율,Noun,2
826,후기,Noun,2
827,폴란드,Noun,2
828,크레이지,Noun,2
829,휴업,Noun,2
830,시타,Noun,2
831,큰일,Noun,2
832,클래스,Noun,2
833,클래식,Noun,2
834,조금,Noun,2
835,키트,Noun,2
836,킥,Noun,2
837,초보,Noun,2
838,신분,Noun,2
839,표시,Noun,2
840,타르,Noun,2
841,불,Noun,2
842,타임,Noun,2
843,몽마르트,Noun,2
844,탈지,Noun,2
845,리츠,Noun,2
846,실시간,Noun,2
847,조명,Noun,2
848,실패,Noun,2
849,촬영,Noun,2
850,테스트,Noun,2
851,불어,Noun,2
852,아시아나,Noun,2
853,통행,Noun,2
854,아예,Noun,2
855,투,Noun,2
856,브레,Noun,2
857,공,Noun,2
858,목적지,Noun,2
859,보드,Noun,2
860,블,Noun,2
861,블로그,Noun,2
862,미성년,Noun,2
863,보아,Noun,2
864,팅,Noun,2
865,고이,Noun,2
866,에스카르고,Noun,2
867,에스컬레이터,Noun,2
868,볼거리,Noun,2
869,인쇄,Noun,2
870,에어컨,Noun,2
871,에어프랑스,Noun,2
872,비바,Noun,2
873,직관,Noun,2
874,룩셈부르크,Noun,2
875,종료,Noun,2
876,종류,Noun,2
877,모시,Noun,2
878,축구장,Noun,2
879,보수,Noun,2
880,종일,Noun,2
881,중단,Noun,2
882,여,Noun,2
883,모바일,Noun,2
884,어,Noun,2
885,여러,Noun,2
886,빌라,Noun,2
887,진입,Noun,2
888,방,Noun,2
889,루앙,Noun,2
890,계산,Noun,2
891,플리,Noun,2
892,벌써,Noun,2
893,출근시간,Noun,2
894,어머니,Noun,2
895,연월일,Noun,2
896,사,Modifier,2
897,미만,Noun,2
898,사골,Noun,2
899,연초,Noun,2
900,언,Modifier,2
901,로컬,Noun,2
902,밥,Noun,2
903,가세,Noun,2
904,엄마,Noun,2
905,피에르,Noun,2
906,밤길,Noun,2
907,에밀리,Noun,2
908,오,Noun,2
909,결승,Noun,2
910,취리히,Noun,2
911,사유,Noun,2
912,오스트리아,Noun,2
913,오신,Noun,2
914,겉옷,Noun,2
915,벌금,Noun,2
916,기한,Noun,2
917,길거리,Noun,2
918,길이,Noun,2
919,사항,Noun,2
920,질의,Noun,2
921,검색,Noun,2
922,산책,Noun,2
923,검문,Noun,2
924,미국,Noun,2
925,뮤직,Noun,2
926,건물,Noun,2
927,꽉,Noun,2
928,삼각대,Noun,2
929,상점,Noun,2
930,나가야,Noun,2
931,나나,Noun,2
932,입구,Noun,2
933,명당,Noun,2
934,우리나라,Noun,2
935,우선,Noun,2
936,나이,Noun,2
937,난,Noun,2
938,가나,Noun,2
939,치즈,Noun,2
940,뮤슈,Noun,2
941,개인,Noun,2
942,뮌헨,Noun,2
943,개방,Noun,2
944,입문,Noun,2
945,중심부,Noun,2
946,생샤펠,Noun,2
947,유료,Noun,2
948,하차,Noun,2
949,생활,Noun,2
950,뭔,Modifier,2
951,음식점,Noun,2
952,중이,Noun,2
953,의견,Noun,2
954,전기자전거,Noun,2
955,이건,Noun,2
956,한국인,Noun,2
957,노보텔,Noun,2
958,이득,Noun,2
959,노선도,Noun,2
960,메뉴,Noun,2
961,정기권,Noun,2
962,샤모니,Noun,2
963,이벤트,Noun,2
964,놀,Noun,2
965,이스탄불,Noun,2
966,차량,Noun,2
967,차로,Noun,2
968,이제,Noun,2
969,그,Noun,2
970,먼저,Noun,2
971,다른,Modifier,2
972,익스플로러,Noun,2
973,북,Noun,2
974,인지,Noun,2
975,쥬리,Noun,2
976,입처,Noun,2
977,자,Noun,2
978,전공,Noun,2
979,자가진단,Noun,2
980,자녀,Noun,2
981,선배,Noun,2
982,선생님,Noun,2
983,자유시간,Noun,2
984,자유여행,Noun,2
985,자정,Noun,2
986,자주,Noun,2
987,설치,Noun,2
988,성,Modifier,2
989,잠,Noun,2
990,반,Modifier,2
991,잡기,Noun,2
992,부모님,Noun,2
993,맥주,Noun,2
994,해외,Noun,2
995,대신,Noun,2
996,대여,Noun,2
997,해제,Noun,2
998,보르도,Noun,2
999,궁금,Noun,2
1000,매장,Noun,2
1001,셀,Noun,2
1002,가을,Noun,2
1003,던데,Noun,2
1004,셔틀버스,Noun,2
1005,행진,Noun,2
1006,도보,Noun,2
1007,주년,Noun,2
1008,매월,Noun,2
1009,국립,Noun,2
1010,책,Noun,2
1011,돈,Noun,2
1012,팔,Noun,2
1013,동반,Noun,2
1014,국경일,Noun,2
1015,매달,Noun,2
1016,쇼핑,Noun,2
1017,구장,Noun,2
1018,챔스,Noun,2
1019,현,Noun,2
1020,현금,Noun,2
1021,바캉스,Noun,2
1022,드론,Noun,2
1023,구글,Noun,2
1024,일어,Noun,2
1025,구간,Noun,2
1026,주문,Noun,2
1027,호스,Noun,2
1028,딘,Noun,2
1029,전날,Noun,2
1030,페,Noun,2
1031,페스티벌,Noun,2
1032,복장,Noun,2
1033,띠,Noun,2
1034,지도,Noun,2
1035,라르,Noun,2
1036,첨부,Noun,2
1037,외곽,Noun,2
1038,봉디,Noun,1
1039,봉,Noun,1
1040,저만,Modifier,1
1041,저울,Noun,1
1042,저학년,Noun,1
1043,적,Noun,1
1044,적용,Noun,1
1045,전기,Noun,1
1046,전기장판,Noun,1
1047,전도,Noun,1
1048,전동,Noun,1
1049,본인,Noun,1
1050,전문가,Noun,1
1051,전시회,Noun,1
1052,전혀,Noun,1
1053,절약,Noun,1
1054,젊은이,Noun,1
1055,점검,Noun,1
1056,젓,Noun,1
1057,정,Noun,1
1058,정각,Noun,1
1059,정녕,Noun,1
1060,정돈,Noun,1
1061,정리,Noun,1
1062,보증금,Noun,1
1063,정시,Noun,1
1064,보이,Noun,1
1065,제,Modifier,1
1066,제목,Noun,1
1067,보베,Noun,1
1068,제약,Noun,1
1069,제외,Noun,1
1070,제한,Noun,1
1071,젠느,Noun,1
1072,젠느위켄,Noun,1
1073,가이즈,Noun,1
1074,조,Noun,1
1075,조식,Noun,1
1076,보나,Noun,1
1077,보기,Noun,1
1078,종,Noun,1
1079,종이,Noun,1
1080,종점,Noun,1
1081,좌표,Noun,1
1082,죈느,Noun,1
1083,죈다,Noun,1
1084,주,Modifier,1
1085,인근,Noun,1
1086,인기,Noun,1
1087,주무,Noun,1
1088,주번,Noun,1
1089,별,Noun,1
1090,주소,Noun,1
1091,주시,Noun,1
1092,주요,Noun,1
1093,주일,Noun,1
1094,주자,Noun,1
1095,주전,Noun,1
1096,주전부리,Noun,1
1097,주차,Noun,1
1098,주치,Noun,1
1099,준,Noun,1
1100,변덕,Noun,1
1101,벵센역,Noun,1
1102,베흐,Noun,1
1103,인도,Noun,1
1104,중복,Noun,1
1105,베이,Noun,1
1106,중심지,Noun,1
1107,중지,Noun,1
1108,쥐,Noun,1
1109,즈,Modifier,1
1110,즈음,Noun,1
1111,즉석,Modifier,1
1112,즉석사진기,Noun,1
1113,베스트,Noun,1
1114,베스,Noun,1
1115,베리,Noun,1
1116,베르시,Noun,1
1117,베로나,Noun,1
1118,지기,Noun,1
1119,지난,Noun,1
1120,지라,Noun,1
1121,지리,Noun,1
1122,지수,Noun,1
1123,베네치아,Noun,1
1124,지연,Noun,1
1125,지점,Noun,1
1126,지젤,Noun,1
1127,지침,Noun,1
1128,지하,Noun,1
1129,지하철도,Noun,1
1130,범,Noun,1
1131,직원,Noun,1
1132,직접,Noun,1
1133,진심,Noun,1
1134,진인,Noun,1
1135,진일,Noun,1
1136,진행,Noun,1
1137,질,Noun,1
1138,버터,Noun,1
1139,짓,Noun,1
1140,짤,Noun,1
1141,짱,Modifier,1
1142,버정,Noun,1
1143,버전,Noun,1
1144,버스정류장,Noun,1
1145,버블티,Noun,1
1146,차이나타운,Noun,1
1147,차이점,Noun,1
1148,찬,Noun,1
1149,밸리,Noun,1
1150,찾기,Noun,1
1151,책거리,Noun,1
1152,챔프,Noun,1
1153,백화점,Noun,1
1154,백,Noun,1
1155,철,Noun,1
1156,철도,Noun,1
1157,철봉,Noun,1
1158,첨,Noun,1
1159,백,Modifier,1
1160,배차,Noun,1
1161,배역,Noun,1
1162,청구,Noun,1
1163,인솔,Noun,1
1164,체크카드,Noun,1
1165,배낭,Noun,1
1166,배,Noun,1
1167,초과,Noun,1
1168,초보자,Noun,1
1169,촬영기,Noun,1
1170,최고,Noun,1
1171,방향,Noun,1
1172,최대,Noun,1
1173,최선,Noun,1
1174,최저,Noun,1
1175,최종,Noun,1
1176,추석,Noun,1
1177,방면,Noun,1
1178,방금,Noun,1
1179,축구팀,Noun,1
1180,축구화,Noun,1
1181,축성,Noun,1
1182,출구,Noun,1
1183,출근길,Noun,1
1184,발트,Noun,1
1185,취소표,Noun,1
1186,취식,Noun,1
1187,취향,Noun,1
1188,치기,Noun,1
1189,반입,Noun,1
1190,카,Noun,1
1191,반바지,Noun,1
1192,반대,Noun,1
1193,카버,Noun,1
1194,카스,Noun,1
1195,카운터,Noun,1
1196,카타르,Noun,1
1197,카타르항공,Noun,1
1198,반납,Noun,1
1199,칵테일,Noun,1
1200,반나절,Noun,1
1201,파이브,Noun,1
1202,인용,Noun,1
1203,박람회,Noun,1
1204,판매점,Noun,1
1205,팔,Modifier,1
1206,팔레,Noun,1
1207,팔찌,Noun,1
1208,바타,Noun,1
1209,바젤,Noun,1
1210,팬,Noun,1
1211,팰리스,Noun,1
1212,퍼레이드,Noun,1
1213,페닌슐,Noun,1
1214,페이,Noun,1
1215,페이지,Noun,1
1216,펜스,Noun,1
1217,편집,Noun,1
1218,폐쇄,Noun,1
1219,폐업,Noun,1
1220,포,Noun,1
1221,포두,Noun,1
1222,포린,Noun,1
1223,포토,Noun,1
1224,포트,Noun,1
1225,바닷가,Noun,1
1226,폼,Noun,1
1227,퐁,Noun,1
1228,퐁네프,Noun,1
1229,퐁듀,Noun,1
1230,퐁텐블로,Noun,1
1231,바닐라,Noun,1
1232,바깥,Noun,1
1233,푸시킨,Noun,1
1234,푸아그라,Noun,1
1235,미주,Noun,1
1236,프라,Noun,1
1237,프라임,Noun,1
1238,미술,Noun,1
1239,프랑스어,Noun,1
1240,프랑스인,Noun,1
1241,프랑크푸르트,Noun,1
1242,프런트,Noun,1
1243,프로뱅,Noun,1
1244,프루동,Noun,1
1245,프리,Noun,1
1246,프리미어,Noun,1
1247,프린,Noun,1
1248,프린터,Noun,1
1249,프린트,Noun,1
1250,플랜비,Noun,1
1251,플러그,Noun,1
1252,플로,Noun,1
1253,피라미드,Noun,1
1254,피레네,Noun,1
1255,피씨,Noun,1
1256,피아,Noun,1
1257,피아노,Noun,1
1258,피우미치노,Noun,1
1259,피자,Noun,1
1260,피카소,Noun,1
1261,피크,Noun,1
1262,피트,Noun,1
1263,핀에어,Noun,1
1264,필,Noun,1
1265,핑,Noun,1
1266,뮤스,Noun,1
1267,하나로,Noun,1
1268,하모니,Noun,1
1269,하우스,Noun,1
1270,학년,Noun,1
1271,한,Modifier,1
1272,한가지,Noun,1
1273,한국어,Noun,1
1274,한두,Modifier,1
1275,한식당,Noun,1
1276,물씬,Noun,1
1277,물방,Noun,1
1278,할증,Noun,1
1279,핫스폿,Noun,1
1280,물랑루즈,Noun,1
1281,물건,Noun,1
1282,해당,Noun,1
1283,해린,Noun,1
1284,해석,Noun,1
1285,해주시,Noun,1
1286,핸드폰,Noun,1
1287,향수,Noun,1
1288,문화재,Noun,1
1289,헤드셋,Noun,1
1290,헬프,Noun,1
1291,헹,Noun,1
1292,문화유산,Noun,1
1293,현,Modifier,1
1294,인치,Noun,1
1295,현물,Noun,1
1296,현실,Noun,1
1297,문화생활,Noun,1
1298,문화,Noun,1
1299,문의사항,Noun,1
1300,문구점,Noun,1
1301,문고,Noun,1
1302,혼란,Noun,1
1303,혼용,Noun,1
1304,묶음,Noun,1
1305,홀키,Noun,1
1306,묵,Noun,1
1307,홍합,Noun,1
1308,화이자,Noun,1
1309,화장실,Noun,1
1310,무제,Noun,1
1311,확전,Noun,1
1312,무얼,Noun,1
1313,확진후,Noun,1
1314,무스,Noun,1
1315,활동,Noun,1
1316,활용,Noun,1
1317,황,Noun,1
1318,무,Noun,1
1319,회권,Noun,1
1320,회복,Noun,1
1321,회용,Noun,1
1322,횡,Noun,1
1323,효,Noun,1
1324,후불,Noun,1
1325,몽생미쉘,Noun,1
1326,훈련,Noun,1
1327,휴일,Noun,1
1328,휴전,Noun,1
1329,흡연,Noun,1
1330,히츠,Noun,1
1331,몽샐,Noun,1
1332,분해,Noun,1
1333,불꽃,Noun,1
1334,몰타,Noun,1
1335,불량,Noun,1
1336,불법,Noun,1
1337,몰디브,Noun,1
1338,브랜드,Noun,1
1339,브륄레,Noun,1
1340,브휸느,Noun,1
1341,블록,Noun,1
1342,블루투스,Noun,1
1343,목적,Noun,1
1344,비고,Noun,1
1345,비교,Noun,1
1346,비비,Noun,1
1347,비엔나,Noun,1
1348,비예,Noun,1
1349,비자,Noun,1
1350,인터라켄,Noun,1
1351,비프,Noun,1
1352,모션그래픽,Noun,1
1353,빈티,Noun,1
1354,빌레,Noun,1
1355,빡세,Noun,1
1356,빡셀까,Noun,1
1357,빵,Noun,1
1358,모로코,Noun,1
1359,사,Noun,1
1360,사기,Noun,1
1361,사랑,Noun,1
1362,사례,Noun,1
1363,사물함,Noun,1
1364,사부아,Noun,1
1365,사신,Noun,1
1366,사실,Noun,1
1367,사우디,Noun,1
1368,사전,Noun,1
1369,모나코,Noun,1
1370,산맥,Noun,1
1371,모기,Noun,1
1372,살기,Noun,1
1373,살인,Noun,1
1374,상,Noun,1
1375,면세점,Noun,1
1376,색상,Noun,1
1377,샌딩,Noun,1
1378,멘붕,Noun,1
1379,생가,Noun,1
1380,생마르탱,Noun,1
1381,생미셸,Noun,1
1382,생방송,Noun,1
1383,생일,Noun,1
1384,메인,Noun,1
1385,샤,Noun,1
1386,샤또,Noun,1
1387,샤라,Noun,1
1388,샤론,Noun,1
1389,샤롤드공항,Noun,1
1390,샤르트르,Noun,1
1391,메달,Noun,1
1392,샤리,Noun,1
1393,샤벨,Noun,1
1394,샤오,Noun,1
1395,샤워,Noun,1
1396,샤유,Noun,1
1397,메,Noun,1
1398,멀티,Noun,1
1399,샹,Noun,1
1400,서로,Noun,1
1401,서면,Noun,1
1402,먹듯,Noun,1
1403,인파,Noun,1
1404,선셋,Noun,1
1405,맥줏집,Noun,1
1406,설정,Noun,1
1407,성,Noun,1
1408,성과,Noun,1
1409,성모,Noun,1
1410,성인,Noun,1
1411,매표소,Noun,1
1412,매진,Noun,1
1413,셀카,Noun,1
1414,셋째,Modifier,1
1415,셍뚜엉,Noun,1
1416,매일,Noun,1
1417,셰어,Noun,1
1418,소,Modifier,1
1419,소도시,Noun,1
1420,소등,Noun,1
1421,소리,Noun,1
1422,소피텔,Noun,1
1423,소화,Noun,1
1424,매,Noun,1
1425,매,Modifier,1
1426,수기,Noun,1
1427,맞이,Noun,1
1428,수돗물,Noun,1
1429,수영장,Noun,1
1430,만큼,Noun,1
1431,수정,Noun,1
1432,수화물,Noun,1
1433,숙고,Noun,1
1434,숙박,Noun,1
1435,순,Modifier,1
1436,만성절,Noun,1
1437,순위,Noun,1
1438,순환버스,Noun,1
1439,술,Noun,1
1440,쉬르,Noun,1
1441,쉬엄쉬엄,Noun,1
1442,쉬즈,Noun,1
1443,슈퍼마켓,Noun,1
1444,가위,Noun,1
1445,만료,Noun,1
1446,스카이,Noun,1
1447,만들기,Noun,1
1448,스타디움,Noun,1
1449,스타우트,Noun,1
1450,스트랜드,Noun,1
1451,막스,Noun,1
1452,스프,Noun,1
1453,슬리퍼,Noun,1
1454,승자,Noun,1
1455,승차권,Noun,1
1456,승천일,Noun,1
1457,마카롱,Noun,1
1458,마일,Noun,1
1459,시가,Noun,1
1460,시각,Noun,1
1461,마이,Noun,1
1462,시골,Noun,1
1463,가우디,Noun,1
1464,시도,Noun,1
1465,시리얼,Noun,1
1466,마블,Noun,1
1467,시비,Noun,1
1468,시설,Noun,1
1469,시스템,Noun,1
1470,시엘,Noun,1
1471,시일,Noun,1
1472,마구,Noun,1
1473,시점,Noun,1
1474,시청,Noun,1
1475,링,Noun,1
1476,식료품점,Noun,1
1477,리프트,Noun,1
1478,신,Modifier,1
1479,신년,Noun,1
1480,신발,Noun,1
1481,리퍼블릭,Noun,1
1482,리트,Noun,1
1483,실,Noun,1
1484,실질,Noun,1
1485,실화,Noun,1
1486,심사,Noun,1
1487,심야,Noun,1
1488,씨엘,Noun,1
1489,씨티,Noun,1
1490,아동,Noun,1
1491,리얼,Noun,1
1492,리야드,Noun,1
1493,아일랜드,Noun,1
1494,아주,Noun,1
1495,아줌마,Noun,1
1496,리안,Noun,1
1497,아침식사,Noun,1
1498,리스본,Noun,1
1499,안사면,Noun,1
1500,알랭,Noun,1
1501,리그앙,Noun,1
1502,암호,Noun,1
1503,를,Noun,1
1504,애프터눈,Noun,1
1505,애플,Noun,1
1506,루프,Noun,1
1507,일경,Noun,1
1508,약,Noun,1
1509,루즈,Noun,1
1510,양성,Noun,1
1511,양쪽,Noun,1
1512,얘,Noun,1
1513,얘기,Noun,1
1514,어두울까,Noun,1
1515,루이비통,Noun,1
1516,루이,Noun,1
1517,일기,Noun,1
1518,루아얄,Noun,1
1519,어떻,Modifier,1
1520,어르신,Noun,1
1521,루르드,Noun,1
1522,어어,Noun,1
1523,어제,Noun,1
1524,루,Noun,1
1525,롱패딩,Noun,1
1526,얼,Noun,1
1527,로커,Noun,1
1528,로시,Noun,1
1529,업체,Noun,1
1530,에너지,Noun,1
1531,에든버러,Noun,1
1532,기계,Noun,1
1533,기구,Noun,1
1534,기술,Noun,1
1535,기억,Noun,1
1536,기입,Noun,1
1537,기적,Noun,1
1538,기존,Noun,1
1539,로드,Noun,1
1540,로댕,Noun,1
1541,기차역,Noun,1
1542,기,Modifier,1
1543,까르넷,Noun,1
1544,까르띠,Noun,1
1545,꼬마,Noun,1
1546,꼭꼭,Noun,1
1547,꼭대기,Noun,1
1548,꽃,Noun,1
1549,꽃가루,Noun,1
1550,꿀,Noun,1
1551,일로,Noun,1
1552,끝,Noun,1
1553,나라,Noun,1
1554,나무,Noun,1
1555,글,Noun,1
1556,극장,Noun,1
1557,난리,Noun,1
1558,그림,Noun,1
1559,그린카드,Noun,1
1560,그린,Noun,1
1561,남아,Noun,1
1562,남쪽,Noun,1
1563,가용,Noun,1
1564,그리스,Noun,1
1565,내용,Noun,1
1566,낼,Noun,1
1567,냉방,Noun,1
1568,그로,Noun,1
1569,그런,Modifier,1
1570,네프,Noun,1
1571,넷,Noun,1
1572,그란,Modifier,1
1573,년생,Noun,1
1574,노,Noun,1
1575,노기스,Noun,1
1576,노동절,Noun,1
1577,노르웨이,Noun,1
1578,노바,Noun,1
1579,노블,Noun,1
1580,노숙,Noun,1
1581,노을,Noun,1
1582,그때,Noun,1
1583,놀이,Noun,1
1584,놀이동산,Noun,1
1585,놀이터,Noun,1
1586,뇽,Noun,1
1587,눈,Noun,1
1588,뉴욕,Noun,1
1589,뉴캐슬,Noun,1
1590,느낌,Noun,1
1591,는가,Noun,1
1592,늘,Noun,1
1593,그날,Noun,1
1594,다가,Noun,1
1595,다리,Noun,1
1596,일본,Noun,1
1597,단,Noun,1
1598,단지,Noun,1
1599,일부,Noun,1
1600,답,Noun,1
1601,당,Modifier,1
1602,귀,Modifier,1
1603,권혁수,Noun,1
1604,대,Modifier,1
1605,권,Noun,1
1606,대도시,Noun,1
1607,대박,Noun,1
1608,대비,Noun,1
1609,대성,Noun,1
1610,대중,Noun,1
1611,대체,Noun,1
1612,대형,Noun,1
1613,댓글,Noun,1
1614,더블린,Noun,1
1615,더위,Noun,1
1616,덕,Noun,1
1617,굿,Noun,1
1618,데리,Noun,1
1619,데쿠,Noun,1
1620,델,Noun,1
1621,도로,Noun,1
1622,도서관,Noun,1
1623,굳이,Noun,1
1624,도심,Noun,1
1625,국전,Noun,1
1626,도쿄,Noun,1
1627,도통,Noun,1
1628,국룰,Noun,1
1629,돗자리,Noun,1
1630,국내,Noun,1
1631,동네,Noun,1
1632,동묘,Noun,1
1633,동승,Noun,1
1634,동전,Noun,1
1635,구해,Noun,1
1636,두브로브니크,Noun,1
1637,일부러,Noun,1
1638,구로,Noun,1
1639,구두,Noun,1
1640,드나,Noun,1
1641,드니,Noun,1
1642,드랴,Noun,1
1643,드레스코드,Noun,1
1644,드롭,Noun,1
1645,드림,Noun,1
1646,구경만,Noun,1
1647,디자인,Noun,1
1648,구가,Noun,1
1649,디즈니월드,Noun,1
1650,디포,Noun,1
1651,딸아이,Noun,1
1652,땡,Noun,1
1653,교통지도,Noun,1
1654,뚜,Noun,1
1655,뚜벅,Noun,1
1656,뛸르,Noun,1
1657,뛸르리정원,Noun,1
1658,뛸르히가,Noun,1
1659,뜻,Noun,1
1660,라따뚜이,Noun,1
1661,라면,Noun,1
1662,라벤더,Noun,1
1663,라벨,Noun,1
1664,라운지,Noun,1
1665,라이트,Noun,1
1666,교통비,Noun,1
1667,랜드마크,Noun,1
1668,랜디,Noun,1
1669,러,Noun,1
1670,러시아워,Noun,1
1671,교보,Noun,1
1672,괞챤을까,Noun,1
1673,레알,Noun,1
1674,레옹,Noun,1
1675,레이스,Noun,1
1676,일이,Modifier,1
1677,캡처,Noun,1
1678,커피,Noun,1
1679,커피집,Noun,1
1680,컬러,Noun,1
1681,컬렉션,Noun,1
1682,컴,Noun,1
1683,컷,Noun,1
1684,케이드,Noun,1
1685,관일,Noun,1
1686,코인,Noun,1
1687,코츠,Noun,1
1688,코코뱅,Noun,1
1689,코트,Noun,1
1690,코펜하겐,Noun,1
1691,코프,Noun,1
1692,콘서트장,Noun,1
1693,콘센트,Noun,1
1694,콜드플레이,Noun,1
1695,콜밴,Noun,1
1696,콤보,Noun,1
1697,콩피,Noun,1
1698,쾰른,Noun,1
1699,쿠킹,Noun,1
1700,퀄리티,Noun,1
1701,큐어,Noun,1
1702,크게,Noun,1
1703,크기,Noun,1
1704,크렘,Noun,1
1705,크로아티아,Noun,1
1706,관리,Noun,1
1707,크룩,Noun,1
1708,크리스,Noun,1
1709,관랸,Noun,1
1710,크리스마스이브,Noun,1
1711,크리스마스트리,Noun,1
1712,크림,Noun,1
1713,관람차,Noun,1
1714,클룩,Noun,1
1715,킅난다,Noun,1
1716,킹,Noun,1
1717,관광버스,Noun,1
1718,관광명소,Noun,1
1719,타나,Noun,1
1720,타로,Noun,1
1721,타액,Noun,1
1722,타워,Noun,1
1723,관광객,Noun,1
1724,탈일,Noun,1
1725,탑바,Noun,1
1726,태그,Noun,1
1727,택,Noun,1
1728,과,Noun,1
1729,일이,Noun,1
1730,공항리무진,Noun,1
1731,털,Noun,1
1732,테라스,Noun,1
1733,테제베,Noun,1
1734,공짜,Noun,1
1735,공연장,Noun,1
1736,토트넘,Noun,1
1737,통지서,Noun,1
1738,통해,Noun,1
1739,퇼르리,Noun,1
1740,투르,Noun,1
1741,공식,Noun,1
1742,곳도,Noun,1
1743,트래킹,Noun,1
1744,트래픽,Noun,1
1745,트루로,Noun,1
1746,트립,Noun,1
1747,트자,Noun,1
1748,특별,Noun,1
1749,특파원,Noun,1
1750,틀,Noun,1
1751,티,Noun,1
1752,고해,Noun,1
1753,티켓팅,Noun,1
1754,고풍,Noun,1
1755,에어로,Noun,1
1756,고용,Noun,1
1757,에클레어,Noun,1
1758,에테르,Noun,1
1759,에투,Noun,1
1760,에트르타,Noun,1
1761,에티켓,Noun,1
1762,고요,Noun,1
1763,에펠타워,Noun,1
1764,고문서,Noun,1
1765,에피,Noun,1
1766,엘리,Noun,1
1767,엘리제궁,Noun,1
1768,고견,Noun,1
1769,여권사진,Noun,1
1770,여기저기,Noun,1
1771,여러분,Noun,1
1772,여야,Noun,1
1773,여유,Noun,1
1774,계세,Noun,1
1775,여정,Noun,1
1776,역무,Noun,1
1777,역서,Noun,1
1778,역자,Noun,1
1779,연,Modifier,1
1780,연도,Noun,1
1781,연주,Noun,1
1782,연주회,Noun,1
1783,연착,Noun,1
1784,연휴,Noun,1
1785,열람,Noun,1
1786,열차,Noun,1
1787,영수증,Noun,1
1788,영어,Noun,1
1789,경과,Noun,1
1790,일자,Noun,1
1791,경,Noun,1
1792,예상,Noun,1
1793,예수,Noun,1
1794,예술,Noun,1
1795,예술인,Noun,1
1796,겸,Noun,1
1797,오,Modifier,1
1798,오가면,Noun,1
1799,오로라,Noun,1
1800,가로수,Noun,1
1801,오른쪽,Noun,1
1802,가로,Noun,1
1803,오브,Noun,1
1804,오스,Noun,1
1805,오스만,Noun,1
1806,결,Noun,1
1807,오프닝,Noun,1
1808,오프라인,Noun,1
1809,오피스,Noun,1
1810,겁쟁이,Noun,1
1811,옥,Noun,1
1812,옥상,Noun,1
1813,온,Noun,1
1814,일치,Noun,1
1815,올드,Noun,1
1816,올라프,Noun,1
1817,옵션,Noun,1
1818,옹,Noun,1
1819,옹플뢰르,Noun,1
1820,걷기,Noun,1
1821,건축,Noun,1
1822,완전,Noun,1
1823,임시,Noun,1
1824,임의,Noun,1
1825,외각,Noun,1
1826,외투,Noun,1
1827,왼쪽,Noun,1
1828,요,Modifier,1
1829,건데,Noun,1
1830,요구,Noun,1
1831,건너편,Noun,1
1832,거의,Noun,1
1833,용무,Noun,1
1834,우리,Noun,1
1835,거기,Noun,1
1836,우아즈,Noun,1
1837,운,Noun,1
1838,거가,Noun,1
1839,운하,Noun,1
1840,원,Modifier,1
1841,원두,Noun,1
1842,개찰구,Noun,1
1843,월드컵,Noun,1
1844,개정,Noun,1
1845,월화,Noun,1
1846,웨이,Noun,1
1847,위스키,Noun,1
1848,위주,Noun,1
1849,개념,Noun,1
1850,개국,Noun,1
1851,유랑,Noun,1
1852,강추,Noun,1
1853,유레일패스,Noun,1
1854,강전,Noun,1
1855,강아지,Noun,1
1856,입성,Noun,1
1857,유무,Noun,1
1858,유스호스텔,Noun,1
1859,유심,Noun,1
1860,유지,Noun,1
1861,유천,Noun,1
1862,음료수,Noun,1
1863,강수량,Noun,1
1864,음주,Noun,1
1865,의무,Noun,1
1866,의미,Noun,1
1867,의상,Noun,1
1868,의지,Noun,1
1869,이권,Noun,1
1870,이내,Noun,1
1871,갈이,Noun,1
1872,이력,Noun,1
1873,갈레로,Noun,1
1874,이메일,Noun,1
1875,간격,Noun,1
1876,각인,Noun,1
1877,이상,Noun,1
1878,이슈,Noun,1
1879,이신,Noun,1
1880,이야기,Noun,1
1881,이영,Noun,1
1882,이예,Noun,1
1883,이요,Noun,1
1884,이용권,Noun,1
1885,이용문,Noun,1
1886,각,Noun,1
1887,이의,Noun,1
1888,이자,Noun,1
1889,이중,Noun,1
1890,이지젯,Noun,1
1891,이하,Noun,1
1892,이해,Noun,1
1893,가제,Noun,1
1894,북부,Noun,1
1895,부터,Noun,1
1896,분노,Noun,1
1897,입출국,Noun,1
1898,자가용,Noun,1
1899,자동,Noun,1
1900,자락,Noun,1
1901,자만,Noun,1
1902,자연사,Noun,1
1903,부분,Noun,1
1904,작품,Noun,1
1905,잔디,Noun,1
1906,잘못,Noun,1
1907,잘츠부르크,Noun,1
1908,잠깐,Noun,1
1909,잡,Noun,1
1910,장단점,Noun,1
1911,장마,Noun,1
1912,부근,Noun,1
1913,장식,Noun,1
1914,장점,Noun,1
1915,뵈브,Noun,1
1916,재래시장,Noun,1
1917,봉헌,Noun,1
1918,잼,Noun,1